f1,f2,f3,f4,f5,f6,f7,f8,f9,f10,f11,f12,f13,f14,f15,f16,f17,f18,label,
46,1,62,75,28,6,-1,93,-60,-19,16,-17,-13,105,-90,-161,-95,-156,2,
46,1,62,75,28,6,-1,98,-60,-14,19,-13,-13,104,-91,-167,-94,-151,2,
46,1,62,75,28,6,-3,99,-66,-13,20,-14,-13,104,-90,-157,-99,-147,2,
46,1,62,75,28,6,4,100,-61,-12,20,-12,-13,104,-92,-164,-92,-157,2,
46,1,62,75,28,6,-2,100,-66,-12,21,-13,-12,104,-90,-157,-99,-148,2,
46,1,62,75,28,6,-2,100,-66,-15,18,-15,-13,104,-91,-175,-92,-155,2,
46,1,62,75,28,6,-3,97,-65,-14,19,-17,-12,104,-89,-153,-101,-146,2,
46,1,62,75,28,6,-4,97,-68,-15,18,-16,-12,104,-89,-149,-102,-147,2,
46,1,62,75,28,6,-2,98,-66,-15,18,-17,-14,104,-91,-146,-105,-150,2,
46,1,62,75,28,6,-3,98,-67,-19,17,-16,-12,104,-89,-165,-89,-159,2,
46,1,62,75,28,6,-1,102,-67,-10,22,-13,-14,104,-91,-154,-102,-148,2,
46,1,62,75,28,6,-2,108,-98,10,94,-119,22,108,-99,-179,-89,-160,1,
46,1,62,75,28,6,-1,100,-66,-12,20,-16,-14,104,-90,-157,-99,-148,2,
46,1,62,75,28,6,-1,101,-66,-12,20,-12,-14,104,-91,-166,-91,-156,2,
46,1,62,75,28,6,-1,98,-66,-14,20,-15,-13,105,-89,-150,-102,-150,2,
46,1,62,75,28,6,-3,99,-70,-15,19,-17,-12,105,-89,-147,-103,-152,2,
46,1,62,75,28,6,-4,97,-66,-16,19,-16,-13,105,-90,-146,-103,-151,2,
46,1,62,75,28,6,-1,99,-67,-14,20,-14,-13,104,-90,-174,-91,-157,2,
46,1,62,75,28,6,-2,98,-66,-13,20,-14,-13,104,-90,-154,-99,-147,2,
46,1,62,75,28,6,-1,101,-65,-11,21,-13,-14,104,-91,-139,-113,-143,2,
46,1,62,75,28,6,-3,97,-67,-15,19,-18,-14,104,-91,-150,-102,-150,2,
46,1,62,75,28,6,-1,99,-64,-15,17,-16,-14,104,-92,-171,-91,-156,2,
46,1,62,75,28,6,0,101,-64,-10,22,-12,-14,104,-91,-156,-99,-148,2,
46,1,62,75,28,6,-3,99,-72,-14,18,-16,-12,104,-88,-155,-102,-149,2,
46,1,62,75,28,6,-4,98,-65,-17,17,-17,-13,104,-91,-168,-96,-154,2,
46,1,62,75,28,6,-4,98,-67,-15,19,-17,-13,104,-91,-155,-101,-145,2,
46,1,62,75,28,6,-2,98,-66,-15,17,-15,-12,105,-89,-168,-91,-159,2,
46,1,62,75,28,6,2,99,-61,-11,21,-13,-14,104,-91,-162,-93,-160,2,
46,1,62,75,28,6,1,108,-99,7,91,-121,24,108,-98,-183,-91,-160,1,
46,1,62,75,28,6,-2,96,-61,-16,18,-16,-13,104,-89,-162,-94,-158,2,
46,1,62,75,28,6,0,101,-64,-11,21,-13,-14,104,-91,-144,-105,-150,2,
46,1,62,75,28,6,-4,97,-67,-15,18,-17,-12,104,-89,-152,-101,-146,2,
46,1,62,75,28,6,-4,106,-100,6,89,-122,20,108,-99,-180,-89,-161,1,
46,1,62,75,28,6,-2,98,-64,-14,19,-17,-13,104,-91,-159,-99,-147,2,
46,1,62,75,28,6,-4,98,-68,-15,19,-16,-13,104,-89,-156,-98,-146,2,
46,1,62,75,28,6,-2,97,-67,-15,18,-18,-14,104,-90,-154,-100,-147,2,
46,1,62,75,28,6,-1,96,-65,-16,18,-16,-13,104,-90,-170,-92,-157,2,
46,1,62,75,28,6,-4,94,-61,-19,17,-16,-13,104,-89,-160,-96,-151,2,
46,1,62,75,28,6,4,110,-102,3,86,-125,22,107,-98,-178,-90,-162,1,
46,1,62,75,28,6,-7,96,-66,-19,17,-17,-13,104,-90,-166,-94,-150,2,
46,1,62,75,28,6,-3,98,-67,-14,20,-16,-12,104,-89,-152,-102,-146,2,
46,1,62,75,28,6,-1,100,-67,-13,21,-14,-13,104,-90,-148,-102,-151,2,
46,1,62,75,28,6,0,98,-61,-12,21,-12,-14,104,-91,-162,-92,-162,2,
46,1,62,75,28,6,-1,96,-63,-16,19,-16,-12,105,-89,-168,-92,-156,2,
46,1,62,75,28,6,-3,98,-66,-15,19,-16,-13,104,-90,-155,-101,-146,2,
46,1,62,75,28,6,0,100,-64,-11,20,-13,-14,104,-91,-139,-113,-149,2,
46,1,62,75,28,6,-2,97,-63,-18,17,-18,-14,104,-90,-166,-91,-159,2,
46,1,62,75,28,6,-5,99,-69,-15,19,-16,-12,105,-88,-156,-101,-146,2,
46,1,62,75,28,6,-5,97,-65,-18,16,-16,-12,105,-88,-164,-93,-155,2,
46,1,62,75,28,6,-3,97,-66,-17,17,-18,-13,104,-92,-154,-102,-148,2,
46,1,62,75,28,6,0,99,-70,-12,19,-13,-13,104,-90,-168,-93,-157,2,
46,1,62,75,28,6,-3,97,-66,-15,19,-17,-13,104,-90,-158,-99,-148,2,
46,1,62,75,28,6,-1,98,-62,-16,19,-15,-13,104,-91,-170,-91,-156,2,
46,1,62,75,28,6,-2,95,-61,-19,17,-17,-14,104,-90,-164,-92,-154,2,
46,1,62,75,28,6,-5,106,-101,6,91,-121,23,108,-97,-183,-93,-160,1,
46,1,62,75,28,6,-12,98,-70,-16,16,-16,-12,105,-87,-170,-94,-148,2,
46,1,62,75,28,6,0,98,-67,-15,19,-16,-12,105,-89,-151,-102,-149,2,
46,1,62,75,28,6,2,96,-61,-17,17,-17,-14,104,-91,-164,-95,-156,2,
46,1,62,75,28,6,0,96,-63,-17,17,-17,-14,103,-91,-166,-92,-156,2,
46,1,62,75,28,6,-3,97,-65,-15,19,-17,-13,104,-90,-157,-99,-147,2,
46,1,62,75,28,6,-5,98,-69,-15,19,-17,-13,104,-89,-158,-98,-146,2,
46,1,62,75,28,6,-3,97,-66,-15,19,-17,-13,104,-89,-158,-99,-146,2,
46,1,62,75,28,6,-2,98,-63,-18,17,-17,-14,103,-91,-173,-91,-157,2,
46,1,62,75,28,6,-8,102,-104,6,83,-125,20,108,-99,-177,-88,-159,1,
46,1,62,75,28,6,-3,98,-67,-17,18,-16,-13,105,-90,-170,-91,-156,2,
46,1,62,75,28,6,0,101,-66,-11,21,-15,-14,104,-91,-156,-101,-146,2,
46,1,62,75,28,6,-2,99,-66,-13,19,-16,-14,104,-91,-158,-99,-147,2,
46,1,62,75,28,6,-2,100,-66,-11,21,-13,-13,104,-90,-156,-100,-147,2,
46,1,62,75,28,6,-1,93,-57,-17,19,-15,-3,109,-96,-166,-91,-158,2,
46,1,62,75,28,6,-3,98,-66,-17,18,-15,-13,104,-89,-162,-92,-156,2,
46,1,62,75,28,6,-5,94,-65,-19,17,-17,-11,105,-85,-165,-91,-153,2,
46,1,62,75,28,6,-4,97,-64,-15,19,-17,-13,104,-90,-154,-101,-147,2,
46,1,62,75,28,6,-3,109,-97,8,91,-122,22,108,-96,-183,-92,-152,1,
46,1,62,75,28,6,-4,96,-65,-16,18,-17,-14,104,-91,-142,-112,-146,2,
46,1,62,75,28,6,-3,98,-67,-16,19,-17,-13,104,-90,-156,-101,-147,2,
46,1,62,75,28,6,-3,97,-66,-16,19,-16,-13,104,-89,-155,-100,-144,2,
46,1,62,75,28,6,2,101,-64,-10,21,-12,-14,103,-91,-163,-94,-155,2,
46,1,62,75,28,6,-2,98,-65,-12,21,-14,-13,104,-89,-157,-99,-148,2,
46,1,62,75,28,6,-1,99,-65,-13,19,-16,-14,104,-91,-145,-105,-151,2,
46,1,62,75,28,6,-11,101,-69,-13,19,-12,-12,104,-90,-172,-94,-148,2,
46,1,62,75,28,6,-3,97,-66,-15,19,-16,-13,104,-89,-145,-105,-150,2,
46,1,62,75,28,6,-3,100,-72,-15,19,-17,-13,104,-90,-159,-100,-150,2,
46,1,62,75,28,6,0,102,-66,-12,22,-13,-14,104,-91,-156,-100,-146,2,
46,1,62,75,28,6,0,101,-65,-10,22,-13,-14,104,-91,-154,-103,-146,2,
46,1,62,75,28,6,0,101,-65,-10,22,-12,-13,104,-90,-157,-99,-148,2,
46,1,62,75,28,6,-1,96,-63,-17,18,-16,-13,105,-89,-167,-92,-155,2,
46,1,62,75,28,6,-2,96,-63,-16,18,-15,-12,104,-90,-162,-95,-152,2,
46,1,62,75,28,6,-4,96,-64,-15,18,-17,-13,104,-91,-151,-102,-148,2,
46,1,62,75,28,6,-3,95,-66,-17,16,-16,-12,105,-88,-171,-90,-152,2,
46,1,62,75,28,6,-5,94,-65,-21,15,-21,-13,104,-91,-171,-91,-158,2,
46,1,62,75,28,6,-3,98,-66,-16,19,-17,-13,104,-90,-152,-103,-148,2,
46,1,62,75,28,6,-3,95,-64,-18,17,-17,-13,104,-90,-163,-97,-156,2,
46,1,62,75,28,6,-3,99,-68,-13,21,-14,-13,104,-90,-156,-100,-149,2,
46,1,62,75,28,6,-3,96,-63,-15,18,-16,-13,104,-89,-152,-101,-148,2,
46,1,62,75,28,6,-5,106,-98,7,87,-123,22,108,-98,-182,-89,-159,1,
46,1,62,75,28,6,-2,96,-62,-22,18,-14,-13,105,-91,-167,-91,-157,2,
46,1,62,75,28,6,-2,100,-64,-13,19,-15,-14,104,-91,-138,-107,-150,2,
46,1,62,75,28,6,-2,99,-64,-14,19,-12,-13,103,-91,-175,-90,-153,2,
46,1,62,75,28,6,-2,100,-68,-14,21,-13,-13,104,-91,-175,-92,-157,2,
46,1,62,75,28,6,-1,97,-63,-15,18,-15,-12,104,-90,-158,-95,-158,2,
46,1,62,75,28,6,-4,96,-65,-15,19,-18,-14,104,-90,-154,-101,-145,2,
46,1,62,75,28,6,-9,100,-67,-14,18,-12,-13,104,-90,-172,-96,-150,2,
46,1,62,75,28,6,1,100,-64,-13,19,-15,-14,103,-91,-167,-91,-157,2,
46,1,62,75,28,6,-1,94,-62,-17,17,-16,-14,104,-90,-168,-94,-152,2,
46,1,62,75,28,6,-2,100,-65,-10,22,-12,-13,104,-91,-159,-99,-147,2,
46,1,62,75,28,6,-1,100,-67,-17,18,-16,-11,106,-88,-151,-99,-147,2,
46,1,62,75,28,6,-1,101,-66,-11,21,-14,-14,104,-91,-156,-102,-146,2,
46,1,62,75,28,6,2,99,-62,-14,19,-14,-14,104,-91,-168,-91,-158,2,
46,1,62,75,28,6,1,98,-60,-13,21,-13,-14,104,-92,-165,-96,-153,2,
46,1,62,75,28,6,-4,97,-64,-19,17,-16,-12,105,-89,-166,-94,-157,2,
46,1,62,75,28,6,-4,97,-65,-17,18,-16,-12,105,-89,-168,-100,-144,2,
46,1,62,75,28,6,-1,101,-67,-10,21,-13,-14,104,-91,-155,-103,-148,2,
46,1,62,75,28,6,0,100,-63,-11,21,-12,-14,104,-91,-147,-103,-150,2,
46,1,62,75,28,6,0,100,-65,-11,21,-13,-14,104,-92,-138,-111,-145,2,
46,1,62,75,28,6,0,97,-62,-15,20,-13,-13,104,-91,-167,-94,-154,2,
46,1,62,75,28,6,-3,99,-67,-14,19,-14,-13,104,-90,-167,-92,-159,2,
46,1,62,75,28,6,-3,96,-64,-15,19,-17,-13,104,-90,-154,-100,-148,2,
46,1,62,75,28,6,0,100,-62,-13,21,-12,-14,104,-91,-170,-90,-159,2,
46,1,62,75,28,6,-4,97,-68,-15,19,-17,-14,104,-89,-139,-110,-147,2,
46,1,62,75,28,6,-5,107,-105,6,88,-124,23,108,-97,-182,-88,-159,1,
46,1,62,75,28,6,-4,100,-67,-14,19,-17,-13,105,-90,-200,-99,-133,2,
46,1,62,75,28,6,0,99,-64,-15,19,-15,-13,104,-91,-171,-91,-156,2,
46,1,62,75,28,6,-1,100,-62,-11,20,-14,-14,104,-90,-152,-102,-150,2,
46,1,62,75,28,6,-5,98,-66,-15,19,-17,-13,104,-90,-155,-100,-147,2,
46,1,62,75,28,6,-3,94,-61,-19,16,-17,-13,105,-89,-157,-96,-158,2,
46,1,62,75,28,6,-2,99,-63,-14,19,-16,-14,104,-91,-159,-103,-145,2,
46,1,62,75,28,6,-1,101,-67,-10,22,-12,-14,104,-91,-160,-99,-147,2,
46,1,62,75,28,6,0,101,-64,-10,22,-12,-13,104,-90,-157,-99,-147,2,
46,1,62,75,28,6,-3,98,-66,-13,19,-15,-12,104,-89,-157,-99,-148,2,
46,1,62,75,28,6,-9,99,-68,-17,19,-13,-12,105,-90,-167,-94,-153,2,
46,1,62,75,28,6,2,98,-60,-13,21,-12,-14,104,-91,-167,-91,-156,2,
46,1,62,75,28,6,-1,99,-66,-12,20,-15,-13,104,-89,-156,-101,-146,2,
46,1,62,75,28,6,-2,95,-63,-18,17,-17,-12,104,-88,-171,-93,-153,2,
46,1,62,75,28,6,-3,99,-67,-13,20,-15,-13,104,-90,-153,-102,-146,2,
46,1,62,75,28,6,-2,101,-65,-10,21,-12,-14,104,-91,-141,-109,-146,2,
46,1,62,75,28,6,-1,97,-62,-13,20,-15,-13,105,-89,-172,-92,-156,2,
46,1,62,75,28,6,2,98,-61,-13,19,-15,-14,104,-91,-171,-91,-159,2,
46,1,62,75,28,6,1,102,-67,-10,22,-12,-14,104,-92,-149,-102,-152,2,
46,1,62,75,28,6,-4,98,-66,-14,19,-16,-12,105,-88,-154,-102,-144,2,
46,1,62,75,28,6,-3,97,-66,-15,19,-16,-13,105,-89,-147,-104,-149,2,
46,1,62,75,28,6,0,96,-65,-14,20,-17,-13,104,-89,-165,-100,-145,2,
46,1,62,75,28,6,-3,98,-65,-13,20,-14,-12,105,-89,-182,-105,-135,2,
46,1,62,75,28,6,2,100,-64,-11,20,-12,-14,104,-91,-164,-92,-159,2,
46,1,62,75,28,6,-1,96,-63,-17,17,-17,-13,104,-90,-169,-91,-156,2,
46,1,62,75,28,6,0,99,-63,-13,21,-13,-14,104,-92,-173,-92,-158,2,
46,1,62,75,28,6,-1,98,-66,-16,19,-15,-12,105,-90,-173,-91,-158,2,
46,1,62,75,28,6,-4,97,-65,-17,17,-16,-13,104,-89,-169,-90,-154,2,
46,1,62,75,28,6,-1,100,-66,-12,21,-13,-13,104,-91,-156,-102,-148,2,
46,1,62,75,28,6,-3,97,-66,-19,17,-18,-13,105,-90,-176,-90,-156,2,
46,1,62,75,28,6,-2,101,-67,-12,20,-15,-14,104,-91,-158,-99,-145,2,
46,1,62,75,28,6,-2,97,-67,-17,18,-17,-13,104,-90,-171,-91,-156,2,
46,1,62,75,28,6,-3,100,-65,-19,16,-17,-13,104,-89,-171,-90,-157,2,
46,1,62,75,28,6,-7,104,-99,6,85,-122,25,108,-98,-180,-88,-160,1,
46,1,62,75,28,6,-4,99,-67,-16,19,-17,-13,104,-91,-158,-99,-147,2,
46,1,62,75,28,6,-3,97,-67,-15,19,-17,-14,104,-91,-155,-101,-146,2,
46,1,62,75,28,6,-5,98,-67,-15,18,-17,-13,103,-91,-142,-107,-151,2,
46,1,62,75,28,6,-1,99,-62,-11,21,-13,-14,104,-90,-151,-102,-150,2,
46,1,62,75,28,6,-8,99,-72,-19,16,-17,-12,104,-88,-175,-93,-150,2,
46,1,62,75,28,6,-2,98,-67,-17,18,-17,-13,105,-90,-170,-91,-155,2,
46,1,62,75,28,6,-1,95,-59,-16,20,-16,-9,104,-90,-165,-91,-159,2,
46,1,62,75,28,6,0,100,-63,-9,22,-12,-13,104,-91,-156,-99,-144,2,
46,1,62,75,28,6,-2,95,-63,-17,19,-17,-14,103,-90,-162,-92,-163,2,
46,1,62,75,28,6,0,100,-63,-10,22,-12,-13,104,-91,-158,-99,-148,2,
46,1,62,75,28,6,1,100,-64,-11,21,-12,-14,104,-92,-161,-94,-158,2,
46,1,62,75,28,6,0,99,-67,-15,18,-17,-13,104,-91,-144,-101,-151,2,
46,1,62,75,28,6,2,102,-66,-12,21,-13,-14,104,-92,-174,-91,-157,2,
46,1,62,75,28,6,0,97,-62,-15,19,-14,-14,104,-91,-169,-92,-157,2,
46,1,62,75,28,6,-5,97,-67,-15,19,-17,-13,104,-90,-136,-106,-156,2,
46,1,62,75,28,6,-1,101,-68,-11,20,-16,-14,104,-91,-155,-102,-145,2,
46,1,62,75,28,6,-3,96,-63,-15,17,-17,-13,104,-90,-153,-101,-148,2,
46,1,62,75,28,6,-2,99,-66,-14,19,-17,-13,104,-91,-159,-98,-147,2,
46,1,62,75,28,6,-8,101,-104,5,86,-123,24,108,-97,-178,-90,-161,1,
46,1,62,75,28,6,0,99,-64,-11,21,-12,-14,104,-91,-145,-105,-150,2,
46,1,62,75,28,6,0,102,-65,-11,22,-13,-14,104,-90,-158,-99,-148,2,
46,1,62,75,28,6,0,95,-64,-17,17,-17,-14,105,-90,-172,-90,-156,2,
46,1,62,75,28,6,-2,95,-61,-18,17,-17,-14,104,-91,-168,-94,-151,2,
46,1,62,75,28,6,-6,98,-70,-18,17,-16,-12,105,-88,-173,-91,-151,2,
46,1,62,75,28,6,-2,98,-63,-16,19,-15,-13,105,-89,-168,-91,-156,2,
46,1,62,75,28,6,-4,95,-63,-17,19,-17,-13,104,-90,-167,-92,-161,2,
46,1,62,75,28,6,-1,96,-64,-16,19,-16,-13,104,-89,-167,-93,-150,2,
46,1,62,75,28,6,-2,97,-64,-15,19,-17,-13,104,-89,-167,-92,-159,2,
46,1,62,75,28,6,1,99,-62,-11,21,-12,-14,104,-91,-164,-92,-162,2,
46,1,62,75,28,6,-2,96,-64,-19,17,-17,-14,104,-91,-167,-93,-152,2,
46,1,62,75,28,6,-1,97,-63,-15,19,-16,-13,105,-89,-163,-92,-161,2,
46,1,62,75,28,6,-5,98,-68,-18,16,-17,-11,105,-88,-172,-92,-151,2,
46,1,62,75,28,6,-3,98,-67,-14,19,-16,-12,105,-88,-156,-99,-146,2,
46,1,62,75,28,6,-1,101,-65,-12,21,-14,-14,105,-91,-158,-99,-147,2,
46,1,62,75,28,6,-2,96,-62,-16,18,-17,-14,104,-90,-163,-92,-162,2,
46,1,62,75,28,6,-5,97,-68,-18,17,-16,-11,105,-88,-169,-92,-154,2,
46,1,62,75,28,6,-1,99,-67,-14,20,-16,-12,105,-89,-155,-100,-147,2,
46,1,62,75,28,6,-5,101,-66,-17,16,-15,-13,104,-91,-167,-93,-152,2,
46,1,62,75,28,6,-7,102,-100,5,82,-125,21,108,-99,-181,-89,-160,1,
46,1,62,75,28,6,-4,106,-103,7,89,-124,24,108,-96,-184,-89,-158,1,
46,1,62,75,28,6,-3,98,-66,-14,20,-14,-13,104,-90,-148,-105,-150,2,
46,1,62,75,28,6,1,99,-62,-11,22,-13,-14,104,-90,-146,-106,-145,2,
46,1,62,75,28,6,-2,98,-66,-14,20,-15,-13,105,-89,-144,-105,-151,2,
46,1,62,75,28,6,-4,112,-105,5,89,-123,23,108,-99,-183,-88,-159,1,
46,1,62,75,28,6,-3,97,-65,-14,19,-16,-12,105,-89,-153,-101,-146,2,
46,1,62,75,28,6,-10,99,-69,-19,15,-16,-12,105,-87,-170,-94,-149,2,
46,1,62,75,28,6,-1,100,-65,-10,22,-12,-14,104,-91,-153,-101,-147,2,
46,1,62,75,28,6,-3,100,-67,-12,21,-13,-13,104,-89,-158,-100,-147,2,
46,1,62,75,28,6,-2,99,-64,-12,20,-15,-13,104,-91,-155,-101,-145,2,
46,1,62,75,28,6,-1,101,-66,-12,20,-15,-14,104,-91,-155,-101,-146,2,
46,1,62,75,28,6,5,98,-58,-12,20,-14,-14,104,-91,-158,-99,-153,2,
46,1,62,75,28,6,0,101,-65,-9,22,-12,-14,104,-91,-158,-100,-146,2,
46,1,62,75,28,6,-3,98,-67,-14,18,-17,-14,104,-90,-137,-110,-146,2,
46,1,62,75,28,6,-2,97,-67,-16,18,-17,-13,104,-91,-151,-100,-154,2,
46,1,62,75,28,6,4,99,-60,-12,20,-13,-14,104,-92,-167,-92,-156,2,
46,1,62,75,28,6,-5,93,-64,-18,17,-18,-10,105,-86,-166,-91,-154,2,
46,1,62,75,28,6,-1,96,-67,-17,18,-17,-12,105,-89,-173,-91,-156,2,
46,1,62,75,28,6,-2,98,-66,-14,20,-15,-13,105,-89,-159,-98,-147,2,
46,1,62,75,28,6,-2,98,-64,-15,20,-13,-13,104,-91,-169,-92,-159,2,
46,1,62,75,28,6,-4,96,-65,-16,18,-17,-13,104,-90,-138,-112,-146,2,
46,1,62,75,28,6,-1,100,-65,-12,21,-13,-14,104,-91,-140,-108,-150,2,
46,1,62,75,28,6,-3,97,-65,-14,20,-16,-13,105,-89,-153,-101,-145,2,
46,1,62,75,28,6,-1,97,-62,-14,19,-16,-14,104,-91,-163,-93,-162,2,
46,1,62,75,28,6,-4,99,-67,-15,19,-17,-14,104,-91,-139,-109,-149,2,
46,1,62,75,28,6,-4,97,-65,-15,18,-17,-13,104,-90,-157,-99,-148,2,
46,1,62,75,28,6,-7,97,-66,-21,15,-19,-15,103,-90,-167,-93,-156,2,
46,1,62,75,28,6,0,101,-64,-10,22,-13,-14,104,-91,-159,-99,-148,2,
46,1,62,75,28,6,-2,100,-67,-11,21,-12,-14,104,-90,-157,-101,-145,2,
46,1,62,75,28,6,-2,96,-63,-17,18,-16,-12,105,-88,-170,-92,-155,2,
46,1,62,75,28,6,3,99,-61,-10,21,-12,-14,103,-91,-162,-93,-163,2,
46,1,62,75,28,6,-2,100,-65,-10,22,-12,-14,104,-91,-155,-102,-146,2,
46,1,62,75,28,6,-4,97,-67,-15,19,-17,-13,104,-90,-155,-101,-146,2,
46,1,62,75,28,6,-1,98,-64,-13,20,-14,-13,104,-90,-143,-105,-149,2,
46,1,62,75,28,6,-2,99,-65,-13,20,-16,-14,104,-91,-154,-102,-146,2,
46,1,62,75,28,6,-4,97,-66,-15,18,-17,-13,104,-90,-140,-110,-145,2,
46,1,62,75,28,6,-3,97,-64,-14,19,-16,-12,105,-88,-149,-102,-148,2,
46,1,62,75,28,6,-1,96,-63,-15,19,-16,-13,105,-90,-162,-92,-161,2,
46,1,62,75,28,6,-2,99,-65,-14,19,-16,-14,104,-91,-139,-112,-144,2,
46,1,62,75,28,6,0,100,-68,-15,19,-14,-13,104,-91,-172,-92,-157,2,
46,1,62,75,28,6,-5,103,-69,-11,19,-12,-13,104,-90,-169,-94,-150,2,
46,1,62,75,28,6,-5,97,-65,-18,17,-15,-12,105,-89,-169,-93,-155,2,
46,1,62,75,28,6,-4,97,-66,-18,16,-16,-12,105,-88,-169,-93,-153,2,
46,1,62,75,28,6,-3,97,-64,-15,18,-14,-13,104,-89,-158,-94,-158,2,
46,1,62,75,28,6,2,102,-69,-11,21,-11,-13,105,-91,-150,-101,-151,2,
46,1,62,75,28,6,-1,97,-65,-17,18,-17,-14,104,-91,-167,-93,-158,2,
46,1,62,75,28,6,0,100,-65,-10,21,-12,-14,104,-91,-154,-102,-148,2,
46,1,62,75,28,6,-4,96,-66,-18,16,-16,-12,105,-88,-163,-93,-159,2,
46,1,62,75,28,6,-4,102,-104,5,83,-127,23,108,-98,-182,-97,-158,1,
46,1,62,75,28,6,-5,96,-64,-16,18,-17,-13,104,-89,-139,-108,-150,2,
46,1,62,75,28,6,-1,101,-65,-11,21,-13,-14,104,-91,-158,-99,-147,2,
46,1,62,75,28,6,-1,96,-64,-17,17,-17,-14,104,-91,-173,-92,-157,2,
46,1,62,75,28,6,-7,102,-100,4,84,-124,21,108,-98,-179,-89,-160,1,
46,1,62,75,28,6,-2,96,-64,-15,19,-17,-13,105,-89,-159,-91,-157,2,
46,1,62,75,28,6,-2,98,-64,-14,20,-17,-14,104,-91,-154,-101,-147,2,
46,1,62,75,28,6,1,97,-61,-15,20,-13,-13,104,-91,-164,-95,-155,2,
46,1,62,75,28,6,-4,99,-66,-20,17,-16,-12,105,-89,-164,-92,-158,2,
46,1,62,75,28,6,-7,99,-72,-19,15,-18,-13,105,-90,-177,-92,-148,2,
46,1,62,75,28,6,0,100,-64,-10,21,-12,-13,104,-91,-156,-99,-149,2,
46,1,62,75,28,6,-9,98,-69,-20,15,-18,-13,104,-91,-177,-92,-149,2,
46,1,62,75,28,6,-4,98,-69,-16,19,-17,-14,104,-91,-155,-101,-148,2,
46,1,62,75,28,6,-2,99,-67,-13,20,-14,-13,104,-90,-158,-101,-145,2,
46,1,62,75,28,6,-5,100,-68,-17,18,-14,-11,105,-88,-169,-92,-157,2,
46,1,62,75,28,6,0,98,-63,-12,21,-12,-14,104,-91,-162,-92,-164,2,
46,1,62,75,28,6,-4,98,-66,-15,19,-16,-13,104,-89,-158,-99,-146,2,
46,1,62,75,28,6,1,99,-60,-13,21,-11,-14,103,-91,-168,-94,-153,2,
46,1,62,75,28,6,-3,95,-61,-17,18,-17,-14,104,-91,-166,-93,-156,2,
46,1,62,75,28,6,0,97,-63,-16,18,-17,-14,104,-91,-170,-92,-157,2,
46,1,62,75,28,6,-1,97,-64,-16,18,-16,-13,105,-89,-169,-91,-157,2,
46,1,62,75,28,6,-3,97,-69,-14,19,-17,-12,104,-89,-155,-99,-148,2,
46,1,62,75,28,6,4,100,-61,-11,21,-12,-14,104,-92,-168,-94,-157,2,
46,1,62,75,28,6,-3,96,-64,-15,19,-18,-13,104,-90,-149,-104,-151,2,
46,1,62,75,28,6,-3,98,-67,-15,18,-17,-13,104,-89,-137,-107,-150,2,
46,1,62,75,28,6,-2,98,-67,-17,17,-18,-14,104,-90,-153,-100,-148,2,
46,1,62,75,28,6,1,99,-60,-15,19,-13,-13,104,-91,-160,-92,-157,2,
46,1,62,75,28,6,-4,99,-70,-14,19,-16,-12,105,-88,-158,-99,-146,2,
46,1,62,75,28,6,-3,96,-64,-18,18,-18,-14,103,-90,-168,-92,-151,2,
46,1,62,75,28,6,-1,103,-68,-13,18,-14,-12,105,-88,-166,-93,-154,2,
46,1,62,75,28,6,-1,94,-58,-18,21,-15,-13,104,-86,-166,-92,-158,2,
46,1,62,75,28,6,2,98,-60,-14,21,-12,-14,104,-92,-163,-95,-153,2,
46,1,62,75,28,6,-1,97,-62,-14,20,-15,-13,105,-90,-161,-93,-162,2,
46,1,62,75,28,6,-4,96,-66,-15,19,-17,-13,105,-89,-140,-111,-141,2,
46,1,62,75,28,6,-5,97,-65,-17,17,-16,-13,104,-88,-165,-93,-159,2,
46,1,62,75,28,6,-4,99,-68,-15,19,-14,-13,104,-91,-166,-92,-156,2,
46,1,62,75,28,6,0,98,-63,-16,19,-17,-14,104,-91,-169,-94,-153,2,
46,1,62,75,28,6,-2,96,-63,-17,18,-17,-14,104,-91,-162,-93,-162,2,
46,1,62,75,28,6,0,99,-62,-14,20,-13,-14,104,-92,-170,-91,-158,2,
46,1,62,75,28,6,-1,99,-64,-12,20,-14,-14,104,-91,-139,-106,-150,2,
46,1,62,75,28,6,-1,102,-68,-10,22,-14,-13,104,-91,-158,-99,-147,2,
46,1,62,75,28,6,-3,95,-61,-18,18,-17,-13,105,-90,-161,-93,-153,2,
46,1,62,75,28,6,1,101,-64,-11,21,-12,-14,104,-91,-149,-100,-147,2,
46,1,62,75,28,6,-3,97,-64,-14,20,-15,-13,104,-90,-137,-111,-143,2,
46,1,62,75,28,6,-1,96,-64,-16,18,-17,-14,104,-91,-162,-92,-163,2,
46,1,62,75,28,6,-1,100,-64,-12,20,-14,-14,104,-91,-141,-108,-150,2,
46,1,62,75,28,6,-3,97,-68,-18,17,-18,-14,104,-91,-172,-92,-158,2,
46,1,62,75,28,6,-3,97,-64,-16,18,-17,-13,104,-89,-163,-92,-161,2,
46,1,62,75,28,6,-5,101,-64,-14,20,-12,-14,104,-91,-172,-97,-147,2,
46,1,62,75,28,6,-2,96,-64,-16,20,-18,-13,104,-90,-154,-101,-147,2,
46,1,62,75,28,6,0,100,-63,-10,21,-13,-14,104,-92,-152,-102,-148,2,
46,1,62,75,28,6,-1,101,-67,-11,22,-12,-14,104,-92,-155,-101,-148,2,
46,1,62,75,28,6,-3,98,-68,-16,17,-15,-12,105,-88,-172,-90,-157,2,
46,1,62,75,28,6,-1,100,-61,-11,22,-12,-13,104,-91,-150,-101,-148,2,
46,1,62,75,28,6,1,98,-66,-14,18,-17,-14,104,-91,-149,-101,-152,2,
46,1,62,75,28,6,-1,96,-65,-17,18,-16,-12,105,-89,-162,-94,-151,2,
46,1,62,75,28,6,-1,95,-63,-17,17,-17,-13,104,-90,-164,-95,-150,2,
46,1,62,75,28,6,0,100,-63,-11,21,-12,-14,104,-92,-149,-102,-151,2,
46,1,62,75,28,6,-4,98,-69,-15,19,-17,-13,104,-90,-158,-99,-147,2,
46,1,62,75,28,6,-4,112,-98,7,89,-122,22,107,-98,-186,-91,-160,1,
46,1,62,75,28,6,-4,98,-67,-15,18,-18,-14,104,-91,-141,-112,-146,2,
46,1,62,75,28,6,-4,99,-68,-14,19,-17,-12,105,-88,-157,-99,-146,2,
46,1,62,75,28,6,-2,95,-62,-18,17,-17,-14,104,-91,-166,-93,-152,2,
46,1,62,75,28,6,-1,97,-61,-17,18,-16,-14,104,-91,-163,-94,-149,2,
46,1,62,75,28,6,-3,100,-68,-13,21,-15,-13,104,-89,-159,-100,-146,2,
46,1,62,75,28,6,-2,99,-65,-13,20,-16,-14,104,-91,-158,-98,-147,2,
46,1,62,75,28,6,-3,96,-65,-16,18,-18,-14,104,-90,-143,-104,-150,2,
46,1,62,75,28,6,0,99,-63,-11,22,-13,-13,104,-90,-168,-90,-140,2,
46,1,62,75,28,6,-2,95,-61,-17,18,-16,-12,104,-89,-165,-92,-155,2,
46,1,62,75,28,6,-3,99,-68,-14,19,-16,-12,105,-89,-155,-100,-146,2,
46,1,62,75,28,6,-1,97,-61,-13,21,-15,-13,104,-89,-161,-93,-162,2,
46,1,62,75,28,6,-8,101,-67,-17,17,-15,-14,103,-91,-167,-95,-150,2,
46,1,62,75,28,6,0,100,-65,-13,19,-13,-14,104,-90,-164,-93,-158,2,
46,1,62,75,28,6,-2,96,-63,-18,17,-17,-14,104,-91,-167,-92,-157,2,
46,1,62,75,28,6,-2,98,-66,-13,19,-15,-13,104,-89,-144,-104,-151,2,
46,1,62,75,28,6,-3,97,-66,-16,18,-15,-12,105,-90,-168,-92,-157,2,
46,1,62,75,28,6,-2,96,-63,-19,17,-17,-14,104,-91,-167,-92,-157,2,
46,1,62,75,28,6,-3,99,-68,-14,18,-17,-14,104,-90,-158,-99,-146,2,
46,1,62,75,28,6,-3,98,-67,-14,20,-15,-13,104,-89,-153,-100,-147,2,
46,1,62,75,28,6,-4,99,-69,-14,19,-16,-13,104,-89,-156,-101,-146,2,
46,1,62,75,28,6,-1,99,-64,-14,19,-16,-14,104,-91,-145,-104,-149,2,
46,1,62,75,28,6,-1,96,-62,-18,17,-17,-14,104,-91,-167,-94,-155,2,
46,1,62,75,28,6,-6,97,-65,-19,16,-16,-12,104,-88,-157,-91,-156,2,
46,1,62,75,28,6,-1,99,-68,-14,20,-16,-13,105,-89,-156,-100,-148,2,
46,1,62,75,28,6,-1,94,-60,-19,11,-17,-7,106,-93,-165,-91,-161,2,
46,1,62,75,28,6,-2,97,-65,-15,19,-17,-13,105,-90,-146,-104,-150,2,
46,1,62,75,28,6,-1,100,-65,-10,22,-12,-14,104,-91,-155,-101,-147,2,
46,1,62,75,28,6,-3,99,-66,-13,20,-14,-12,104,-89,-157,-100,-147,2,
46,1,62,75,28,6,-3,100,-65,-10,21,-12,-14,104,-91,-132,-107,-151,2,
46,1,62,75,28,6,1,102,-61,-13,20,-14,-15,104,-93,-162,-98,-158,2,
46,1,62,75,28,6,-2,98,-60,-17,18,-15,-14,104,-91,-161,-95,-151,2,
46,1,62,75,28,6,-2,98,-65,-14,19,-13,-12,104,-89,-165,-90,-157,2,
46,1,62,75,28,6,-1,98,-62,-12,21,-13,-14,104,-90,-154,-101,-150,2,
46,1,62,75,28,6,-3,97,-65,-15,19,-16,-13,104,-88,-144,-105,-150,2,
46,1,62,75,28,6,-3,100,-66,-13,20,-11,-13,104,-91,-166,-94,-156,2,
46,1,62,75,28,6,-2,99,-63,-11,22,-12,-14,104,-91,-153,-102,-147,2,
46,1,62,75,28,6,-3,98,-66,-18,18,-15,-12,105,-90,-167,-91,-158,2,
46,1,62,75,28,6,1,100,-61,-13,20,-13,-14,104,-91,-163,-95,-152,2,
46,1,62,75,28,6,-1,98,-64,-13,19,-16,-14,104,-91,-153,-101,-147,2,
46,1,62,75,28,6,1,99,-60,-12,20,-14,-14,104,-91,-164,-92,-161,2,
46,1,62,75,28,6,-9,104,-71,-14,17,-14,-12,105,-88,-176,-97,-149,2,
46,1,62,75,28,6,-1,100,-66,-11,21,-13,-13,104,-90,-153,-102,-147,2,
46,1,62,75,28,6,0,100,-63,-11,20,-14,-14,104,-91,-157,-99,-148,2,
46,1,62,75,28,6,4,95,-57,-10,14,-14,-5,107,-96,-166,-93,-160,2,
46,1,62,75,28,6,-2,98,-66,-15,19,-16,-12,105,-90,-138,-113,-146,2,
46,1,62,75,28,6,-4,98,-67,-15,19,-16,-12,104,-88,-160,-98,-145,2,
46,1,62,75,28,6,-3,97,-64,-16,17,-15,-13,105,-89,-155,-95,-157,2,
46,1,62,75,28,6,-3,98,-63,-16,18,-16,-12,104,-90,-145,-104,-148,2,
46,1,62,75,28,6,-3,108,-96,7,94,-118,24,108,-99,-181,-89,-160,1,
46,1,62,75,28,6,3,100,-62,-12,20,-12,-14,104,-91,-158,-97,-153,2,
46,1,62,75,28,6,-4,97,-66,-18,16,-17,-13,105,-89,-165,-92,-155,2,
46,1,62,75,28,6,-4,98,-68,-15,19,-17,-12,104,-89,-159,-100,-147,2,
46,1,62,75,28,6,0,101,-66,-9,22,-12,-14,104,-91,-157,-100,-148,2,
46,1,62,75,28,6,-1,100,-65,-11,21,-13,-14,104,-90,-157,-100,-148,2,
46,1,62,75,28,6,-4,97,-66,-16,19,-17,-13,104,-90,-144,-105,-150,2,
46,1,62,75,28,6,2,96,-59,-15,17,-12,-9,105,-94,-166,-92,-160,2,
46,1,62,75,28,6,-2,98,-67,-14,18,-17,-13,104,-90,-157,-99,-148,2,
46,1,62,75,28,6,-1,97,-62,-14,19,-17,-13,105,-90,-146,-109,-139,2,
46,1,62,75,28,6,0,100,-67,-13,20,-15,-14,104,-91,-149,-102,-150,2,
46,1,62,75,28,6,-1,100,-65,-14,19,-16,-14,103,-92,-145,-104,-150,2,
46,1,62,75,28,6,-5,96,-65,-18,16,-17,-14,103,-91,-169,-93,-159,2,
46,1,62,75,28,6,-4,98,-67,-16,18,-15,-12,105,-90,-163,-95,-154,2,
46,1,62,75,28,6,-1,97,-61,-16,19,-14,-13,104,-90,-167,-93,-157,2,
46,1,62,75,28,6,-1,102,-68,-12,21,-12,-14,104,-91,-156,-101,-147,2,
46,1,62,75,28,6,1,101,-66,-11,21,-12,-14,104,-91,-145,-105,-152,2,
46,1,62,75,28,6,-5,98,-70,-18,16,-16,-12,105,-88,-170,-92,-154,2,
46,1,62,75,28,6,0,99,-66,-12,21,-13,-13,104,-91,-154,-99,-149,2,
46,1,62,75,28,6,-2,99,-68,-14,20,-15,-12,104,-88,-153,-98,-144,2,
46,1,62,75,28,6,-3,98,-65,-14,20,-15,-12,105,-89,-159,-99,-146,2,
46,1,62,75,28,6,-2,98,-63,-12,21,-14,-13,104,-90,-154,-101,-148,2,
46,1,62,75,28,6,0,100,-63,-12,19,-14,-14,103,-91,-170,-93,-160,2,
46,1,62,75,28,6,1,93,-69,-15,18,-17,-14,104,-91,-162,-95,-158,2,
46,1,62,75,28,6,-4,99,-69,-15,19,-16,-13,104,-89,-154,-103,-146,2,
46,1,62,75,28,6,-3,100,-66,-12,21,-13,-14,104,-91,-149,-102,-150,2,
46,1,62,75,28,6,-2,97,-66,-16,18,-17,-12,105,-89,-172,-91,-155,2,
46,1,62,75,28,6,-2,94,-59,-18,18,-18,4,101,-87,-166,-93,-158,2,
46,1,62,75,28,6,-6,96,-64,-20,16,-16,-12,105,-89,-165,-92,-156,2,
46,1,62,75,28,6,-3,99,-69,-14,19,-16,-13,105,-89,-157,-99,-144,2,
46,1,62,75,28,6,-4,96,-64,-17,18,-18,-14,104,-91,-145,-106,-150,2,
46,1,62,75,28,6,1,100,-65,-12,20,-14,-14,104,-91,-149,-101,-150,2,
46,1,62,75,28,6,0,101,-64,-10,21,-12,-14,104,-91,-138,-112,-145,2,
46,1,62,75,28,6,0,98,-62,-14,20,-13,-13,104,-91,-170,-92,-158,2,
46,1,62,75,28,6,-1,100,-67,-14,19,-17,-14,104,-91,-151,-102,-152,2,
46,1,62,75,28,6,-2,98,-63,-14,19,-15,-13,104,-90,-155,-101,-148,2,
46,1,62,75,28,6,-2,100,-66,-16,19,-17,-13,104,-90,-151,-101,-146,2,
46,1,62,75,28,6,-1,100,-62,-12,20,-12,-14,103,-92,-166,-92,-159,2,
46,1,62,75,28,6,0,98,-63,-12,21,-13,-13,104,-89,-148,-105,-146,2,
46,1,62,75,28,6,-4,97,-66,-15,19,-16,-13,104,-89,-155,-102,-144,2,
46,1,62,75,28,6,1,99,-60,-14,20,-12,-14,104,-91,-167,-92,-152,2,
46,1,62,75,28,6,-4,97,-67,-16,18,-17,-13,104,-90,-138,-108,-148,2,
46,1,62,75,28,6,1,100,-63,-10,21,-13,-14,104,-91,-163,-93,-162,2,
46,1,62,75,28,6,-2,99,-67,-16,17,-17,-13,105,-91,-168,-91,-159,2,
46,1,62,75,28,6,-3,98,-67,-15,18,-17,-14,104,-91,-148,-103,-149,2,
46,1,62,75,28,6,0,97,-63,-13,21,-14,-14,104,-91,-161,-93,-162,2,
46,1,62,75,28,6,-2,96,-60,-16,19,-14,-13,104,-90,-166,-96,-152,2,
46,1,62,75,28,6,-4,96,-64,-15,19,-17,-13,104,-91,-156,-101,-144,2,
46,1,62,75,28,6,0,100,-63,-11,22,-12,-14,104,-91,-143,-105,-151,2,
46,1,62,75,28,6,-1,98,-62,-16,18,-16,-14,104,-91,-172,-92,-158,2,
46,1,62,75,28,6,-3,97,-65,-15,19,-17,-13,104,-90,-158,-98,-147,2,
46,1,62,75,28,6,0,97,-61,-15,19,-13,-13,104,-90,-167,-94,-155,2,
46,1,62,75,28,6,-3,98,-66,-14,20,-16,-12,105,-89,-158,-98,-146,2,
46,1,62,75,28,6,-3,97,-66,-15,18,-17,-13,104,-90,-157,-99,-148,2,
46,1,62,75,28,6,-3,98,-66,-14,19,-16,-12,105,-89,-157,-100,-145,2,
46,1,62,75,28,6,-1,100,-69,-11,20,-15,-14,104,-91,-154,-99,-145,2,
46,1,62,75,28,6,-1,96,-59,-16,17,-11,-3,103,-100,-169,-92,-160,2,
46,1,62,75,28,6,-3,99,-68,-13,20,-16,-13,105,-89,-158,-99,-147,2,
46,1,62,75,28,6,-4,98,-67,-15,19,-16,-12,105,-89,-140,-111,-147,2,
46,1,62,75,28,6,-1,100,-65,-12,20,-15,-14,104,-91,-154,-102,-147,2,
46,1,62,75,28,6,-2,102,-69,-11,21,-13,-13,104,-90,-155,-100,-149,2,
46,1,62,75,28,6,-3,95,-64,-18,17,-17,-14,104,-92,-169,-92,-156,2,
46,1,62,75,28,6,-1,99,-65,-13,19,-15,-13,104,-90,-157,-100,-147,2,
46,1,62,75,28,6,2,100,-63,-12,21,-12,-14,104,-92,-166,-92,-158,2,
46,1,62,75,28,6,-6,99,-68,-19,16,-18,-13,104,-89,-164,-93,-158,2,
46,1,62,75,28,6,1,101,-65,-13,21,-12,-14,104,-91,-172,-91,-156,2,
46,1,62,75,28,6,-4,98,-68,-15,19,-17,-14,104,-90,-158,-99,-146,2,
46,1,62,75,28,6,1,102,-69,-9,22,-12,-13,104,-91,-153,-101,-146,2,
46,1,62,75,28,6,-3,98,-65,-14,20,-16,-12,105,-88,-158,-99,-146,2,
46,1,62,75,28,6,1,99,-60,-13,20,-12,-14,104,-91,-169,-92,-157,2,
46,1,62,75,28,6,-3,98,-65,-14,20,-16,-12,104,-89,-153,-101,-146,2,
46,1,62,75,28,6,-3,96,-64,-18,17,-18,-14,104,-91,-168,-92,-158,2,
46,1,62,75,28,6,0,97,-63,-15,18,-16,-14,104,-91,-166,-93,-152,2,
46,1,62,75,28,6,-3,98,-66,-15,19,-17,-14,104,-91,-153,-102,-145,2,
46,1,62,75,28,6,2,100,-62,-14,19,-14,-14,104,-91,-165,-95,-155,2,
46,1,62,75,28,6,-1,96,-63,-16,19,-17,-14,104,-91,-160,-93,-163,2,
46,1,62,75,28,6,-2,99,-68,-14,20,-16,-13,104,-90,-155,-100,-147,2,
46,1,62,75,28,6,-4,97,-66,-16,18,-17,-13,104,-91,-144,-105,-151,2,
46,1,62,75,28,6,1,99,-64,-15,19,-15,-14,104,-91,-168,-92,-157,2,
46,1,62,75,28,6,0,100,-64,-11,21,-13,-14,104,-91,-146,-104,-150,2,
46,1,62,75,28,6,0,100,-63,-10,21,-12,-14,104,-92,-154,-101,-148,2,
46,1,62,75,28,6,0,97,-65,-15,19,-16,-12,104,-89,-147,-102,-147,2,
46,1,62,75,28,6,-3,98,-68,-15,19,-17,-13,104,-89,-153,-100,-145,2,
46,1,62,75,28,6,-2,100,-67,-10,22,-12,-13,104,-91,-159,-100,-147,2,
46,1,62,75,28,6,-3,97,-65,-15,19,-17,-13,105,-89,-158,-98,-146,2,
46,1,62,75,28,6,-3,97,-66,-14,19,-17,-13,104,-90,-156,-100,-146,2,
46,1,62,75,28,6,-4,97,-67,-15,18,-17,-13,104,-91,-157,-99,-147,2,
46,1,62,75,28,6,-4,100,-68,-14,19,-12,-13,104,-90,-167,-94,-155,2,
46,1,62,75,28,6,0,99,-62,-13,21,-12,-13,104,-92,-169,-91,-158,2,
46,1,62,75,28,6,2,100,-62,-11,21,-12,-14,104,-91,-163,-93,-162,2,
46,1,62,75,28,6,-8,97,-66,-18,14,-17,-13,104,-90,-164,-93,-155,2,
46,1,62,75,28,6,-3,99,-67,-16,19,-17,-13,104,-91,-139,-112,-144,2,
46,1,62,75,28,6,-4,99,-70,-18,16,-18,-13,104,-91,-173,-92,-153,2,
46,1,62,75,28,6,-3,99,-68,-14,19,-17,-13,105,-89,-157,-99,-147,2,
46,1,62,75,28,6,-3,97,-67,-14,19,-16,-13,105,-89,-146,-104,-150,2,
46,1,62,75,28,6,-2,97,-65,-16,19,-15,-12,105,-90,-173,-91,-157,2,
46,1,62,75,28,6,-2,101,-69,-14,19,-16,-13,104,-91,-154,-101,-149,2,
46,1,62,75,28,6,-3,94,-61,-19,17,-17,-14,104,-90,-166,-92,-152,2,
46,1,62,75,28,6,-3,98,-66,-14,19,-15,-12,104,-88,-158,-98,-146,2,
46,1,62,75,28,6,-1,102,-65,-10,22,-12,-13,104,-91,-158,-99,-148,2,
46,1,62,75,28,6,0,99,-62,-13,20,-12,-14,104,-91,-162,-98,-155,2,
46,1,62,75,28,6,-4,97,-67,-15,19,-17,-13,104,-90,-159,-99,-147,2,
46,1,62,75,28,6,3,99,-60,-13,21,-12,-14,104,-91,-163,-92,-150,2,
46,1,62,75,28,6,2,102,-67,-12,22,-13,-14,104,-92,-171,-92,-156,2,
46,1,62,75,28,6,-5,98,-66,-15,19,-15,-13,104,-90,-137,-105,-149,2,
46,1,62,75,28,6,-4,98,-66,-15,20,-16,-13,104,-90,-155,-101,-145,2,
46,1,62,75,28,6,-3,98,-64,-13,20,-15,-13,104,-90,-152,-101,-144,2,
46,1,62,75,28,6,-4,97,-66,-16,18,-17,-14,104,-90,-140,-107,-152,2,
46,1,62,75,28,6,-2,97,-63,-16,18,-15,-12,105,-89,-168,-92,-153,2,
46,1,62,75,28,6,-2,98,-64,-13,20,-14,-13,104,-90,-154,-100,-146,2,
46,1,62,75,28,6,-4,96,-65,-15,19,-17,-12,104,-89,-138,-108,-151,2,
46,1,62,75,28,6,-5,97,-66,-16,18,-17,-14,104,-90,-136,-110,-152,2,
46,1,62,75,28,6,-3,98,-67,-15,19,-18,-14,104,-90,-154,-101,-148,2,
46,1,62,75,28,6,-1,100,-65,-11,22,-12,-14,104,-92,-146,-104,-151,2,
46,1,62,75,28,6,-3,99,-66,-14,20,-15,-12,105,-89,-157,-100,-145,2,
46,1,62,75,28,6,-8,102,-99,4,80,-125,23,108,-98,-178,-89,-159,1,
46,1,62,75,28,6,1,100,-62,-12,21,-13,-14,104,-92,-168,-92,-158,2,
46,1,62,75,28,6,0,100,-64,-12,20,-15,-14,104,-91,-145,-104,-150,2,
46,1,62,75,28,6,3,102,-61,-14,20,-14,-14,104,-91,-170,-94,-157,2,
46,1,62,75,28,6,-4,98,-67,-14,20,-15,-12,104,-89,-140,-106,-150,2,
46,1,62,75,28,6,-1,97,-66,-17,19,-16,-13,105,-89,-169,-91,-156,2,
46,1,62,75,28,6,-3,98,-66,-14,19,-15,-12,105,-89,-157,-99,-146,2,
46,1,62,75,28,6,-3,97,-61,-17,18,-17,-14,104,-91,-169,-94,-150,2,
46,1,62,75,28,6,-4,96,-67,-20,15,-18,-14,104,-91,-166,-92,-157,2,
46,1,62,75,28,6,0,101,-64,-10,22,-12,-14,104,-90,-158,-99,-147,2,
46,1,62,75,28,6,-3,99,-68,-14,19,-17,-14,104,-91,-157,-99,-147,2,
46,1,62,75,28,6,-1,101,-66,-10,21,-14,-14,104,-91,-157,-100,-146,2,
46,1,62,75,28,6,-6,98,-68,-19,16,-16,-12,104,-88,-166,-93,-157,2,
46,1,62,75,28,6,2,100,-62,-10,22,-13,-14,104,-92,-164,-93,-161,2,
46,1,62,75,28,6,1,100,-62,-11,21,-12,-14,104,-90,-169,-94,-160,2,
46,1,62,75,28,6,-2,99,-64,-13,20,-16,-14,104,-91,-158,-99,-147,2,
46,1,62,75,28,6,-3,97,-65,-15,18,-17,-13,104,-91,-154,-102,-147,2,
46,1,62,75,28,6,-1,96,-62,-14,20,-15,-13,105,-90,-162,-92,-162,2,
46,1,62,75,28,6,-1,100,-65,-10,22,-13,-14,104,-91,-159,-99,-147,2,
46,1,62,75,28,6,0,99,-62,-11,21,-12,-14,104,-92,-141,-106,-149,2,
46,1,62,75,28,6,-11,98,-67,-19,15,-16,-11,105,-86,-169,-93,-150,2,
46,1,62,75,28,6,0,99,-63,-12,20,-14,-14,104,-91,-144,-105,-150,2,
46,1,62,75,28,6,-2,100,-68,-13,19,-16,-14,104,-91,-157,-100,-146,2,
46,1,62,75,28,6,0,101,-64,-11,21,-13,-14,104,-91,-158,-99,-147,2,
46,1,62,75,28,6,0,100,-65,-13,20,-15,-14,104,-91,-146,-105,-151,2,
46,1,62,75,28,6,-3,94,-61,-18,17,-17,-14,104,-91,-167,-94,-151,2,
46,1,62,75,28,6,-1,101,-69,-11,22,-14,-14,104,-91,-152,-103,-146,2,
46,1,62,75,28,6,-3,98,-66,-14,20,-15,-13,104,-89,-154,-101,-146,2,
46,1,62,75,28,6,-5,98,-65,-16,17,-14,-9,103,-88,-163,-94,-156,2,
46,1,62,75,28,6,-1,100,-65,-11,21,-14,-14,104,-91,-157,-99,-148,2,
46,1,62,75,28,6,-3,99,-68,-14,19,-16,-13,104,-89,-144,-110,-148,2,
46,1,62,75,28,6,-2,95,-62,-18,18,-17,-13,104,-89,-170,-91,-158,2,
46,1,62,75,28,6,-4,98,-65,-14,20,-15,-13,105,-90,-136,-108,-149,2,
46,1,62,75,28,6,-4,101,-69,-12,20,-13,-13,104,-91,-170,-93,-151,2,
46,1,62,75,28,6,0,96,-62,-14,20,-15,-12,105,-89,-150,-104,-144,2,
46,1,62,75,28,6,1,100,-64,-10,22,-12,-14,104,-91,-152,-101,-149,2,
46,1,62,75,28,6,-4,97,-66,-15,19,-17,-12,104,-88,-137,-110,-144,2,
46,1,62,75,28,6,0,97,-61,-14,19,-16,-14,104,-91,-163,-92,-163,2,
46,1,62,75,28,6,-3,98,-67,-14,20,-16,-12,104,-88,-158,-99,-146,2,
46,1,62,75,28,6,-2,98,-64,-13,20,-15,-13,105,-89,-157,-98,-148,2,
46,1,62,75,28,6,-3,99,-65,-14,19,-15,-13,104,-89,-147,-104,-149,2,
46,1,62,75,28,6,-4,97,-67,-14,19,-17,-13,104,-90,-157,-100,-146,2,
46,1,62,75,28,6,-3,99,-66,-13,20,-14,-13,104,-90,-153,-102,-145,2,
46,1,62,75,28,6,0,101,-66,-12,21,-15,-14,104,-91,-156,-99,-147,2,
46,1,62,75,28,6,-4,98,-68,-15,19,-17,-14,104,-91,-157,-101,-142,2,
46,1,62,75,28,6,-1,98,-67,-18,16,-17,-15,104,-92,-161,-94,-160,2,
46,1,62,75,28,6,-6,98,-68,-17,17,-18,-13,104,-90,-168,-93,-157,2,
46,1,62,75,28,6,-2,95,-62,-17,17,-14,-12,104,-88,-160,-93,-151,2,
46,1,62,75,28,6,-6,97,-69,-20,15,-18,-13,104,-91,-162,-93,-155,2,
46,1,62,75,28,6,-1,96,-63,-17,18,-16,-13,104,-89,-165,-92,-149,2,
46,1,62,75,28,6,-3,98,-67,-14,19,-17,-13,105,-89,-153,-101,-146,2,
46,1,62,75,28,6,0,101,-64,-10,21,-12,-14,104,-91,-157,-100,-149,2,
46,1,62,75,28,6,3,99,-61,-13,20,-13,-14,104,-91,-165,-95,-156,2,
46,1,62,75,28,6,-3,97,-65,-15,18,-17,-14,104,-91,-154,-101,-146,2,
46,1,62,75,28,6,0,96,-62,-16,18,-16,-13,105,-89,-163,-93,-160,2,
46,1,62,75,28,6,-2,96,-63,-16,18,-17,-15,103,-92,-171,-93,-162,2,
46,1,62,75,28,6,-3,97,-64,-14,19,-16,-12,105,-88,-158,-99,-146,2,
46,1,62,75,28,6,-1,100,-68,-14,20,-16,-14,104,-91,-157,-100,-145,2,
46,1,62,75,28,6,-3,99,-66,-13,20,-14,-13,104,-90,-157,-99,-148,2,
46,1,62,75,28,6,-4,98,-67,-15,19,-17,-13,104,-89,-154,-101,-146,2,
46,1,62,75,28,6,-2,97,-65,-15,19,-17,-14,104,-91,-145,-104,-149,2,
46,1,62,75,28,6,-3,98,-65,-15,18,-16,-13,104,-89,-138,-110,-144,2,
46,1,62,75,28,6,-1,98,-69,-17,18,-18,-14,104,-90,-151,-101,-151,2,
46,1,62,75,28,6,-4,98,-66,-15,19,-16,-12,105,-88,-138,-111,-144,2,
46,1,62,75,28,6,-2,100,-67,-12,22,-13,-13,104,-91,-159,-99,-146,2,
46,1,62,75,28,6,-2,96,-61,-17,18,-15,-12,105,-89,-160,-96,-153,2,
46,1,62,75,28,6,2,99,-62,-12,20,-14,-14,104,-91,-172,-91,-157,2,
46,1,62,75,28,6,-3,102,-68,-12,21,-12,-13,104,-90,-171,-93,-158,2,
46,1,62,75,28,6,-2,99,-67,-14,19,-17,-14,104,-91,-146,-104,-151,2,
46,1,62,75,28,6,3,101,-57,-9,21,-11,-15,103,-92,-163,-92,-159,2,
46,1,62,75,28,6,-1,101,-66,-12,20,-12,-13,104,-91,-163,-93,-158,2,
46,1,62,75,28,6,0,101,-67,-10,22,-13,-14,104,-91,-156,-100,-148,2,
46,1,62,75,28,6,-1,101,-65,-11,21,-13,-14,104,-91,-160,-98,-148,2,
46,1,62,75,28,6,-3,98,-63,-14,20,-15,-12,105,-89,-152,-101,-149,2,
46,1,62,75,28,6,-1,97,-63,-14,20,-15,-14,104,-90,-161,-93,-162,2,
46,1,62,75,28,6,-11,99,-72,-16,17,-15,-12,104,-89,-173,-98,-148,2,
46,1,62,75,28,6,-4,97,-67,-15,18,-17,-13,104,-89,-151,-102,-148,2,
46,1,62,75,28,6,-5,98,-69,-19,16,-17,-13,104,-90,-165,-93,-157,2,
46,1,62,75,28,6,0,100,-66,-11,20,-15,-14,104,-91,-152,-102,-148,2,
46,1,62,75,28,6,-3,99,-66,-12,21,-13,-13,104,-90,-155,-102,-147,2,
46,1,62,75,28,6,-4,106,-97,7,92,-119,24,108,-98,-179,-89,-160,1,
46,1,62,75,28,6,-2,101,-66,-11,22,-12,-14,104,-91,-157,-99,-147,2,
46,1,62,75,28,6,-1,96,-59,-16,19,-17,-17,107,-87,-167,-92,-157,2,
46,1,62,75,28,6,-3,97,-66,-16,18,-18,-13,104,-90,-145,-105,-150,2,
46,1,62,75,28,6,0,96,-58,-16,19,-13,-30,112,-83,-164,-93,-159,2,
46,1,62,75,28,6,-4,97,-66,-15,19,-17,-14,104,-90,-136,-113,-143,2,
46,1,62,75,28,6,-1,96,-64,-18,17,-17,-13,104,-90,-168,-92,-158,2,
46,1,62,75,28,6,0,99,-62,-13,21,-12,-15,104,-93,-171,-92,-160,2,
46,1,62,75,28,6,3,99,-60,-12,21,-12,-14,104,-91,-162,-95,-150,2,
46,1,62,75,28,6,-8,97,-71,-18,17,-17,-13,104,-89,-171,-94,-154,2,
46,1,62,75,28,6,-2,98,-65,-14,20,-14,-14,104,-91,-143,-104,-149,2,
46,1,62,75,28,6,-2,99,-66,-14,19,-17,-13,105,-90,-157,-99,-147,2,
46,1,62,75,28,6,-2,99,-63,-15,18,-15,-14,104,-90,-166,-93,-157,2,
46,1,62,75,28,6,0,101,-63,-11,22,-13,-14,104,-91,-145,-104,-149,2,
46,1,62,75,28,6,0,102,-65,-10,21,-13,-14,104,-91,-158,-99,-148,2,
46,1,62,75,28,6,2,100,-61,-11,21,-12,-14,104,-91,-145,-105,-150,2,
46,1,62,75,28,6,-3,98,-68,-16,19,-17,-12,104,-88,-149,-102,-150,2,
46,1,62,75,28,6,0,99,-61,-14,20,-13,-14,104,-91,-167,-92,-157,2,
46,1,62,75,28,6,-4,98,-66,-15,18,-17,-13,104,-90,-157,-99,-147,2,
46,1,62,75,28,6,-2,102,-68,-11,20,-12,-14,104,-91,-175,-93,-153,2,
46,1,62,75,28,6,-7,98,-69,-20,16,-18,-14,104,-91,-174,-92,-152,2,
46,1,62,75,28,6,-2,98,-65,-12,20,-14,-13,104,-90,-150,-102,-148,2,
46,1,62,75,28,6,-2,97,-61,-17,18,-15,-13,105,-89,-165,-94,-152,2,
46,1,62,75,28,6,-5,96,-65,-16,18,-18,-13,104,-91,-140,-109,-151,2,
46,1,62,75,28,6,0,101,-64,-11,21,-14,-14,104,-91,-145,-105,-150,2,
46,1,62,75,28,6,-3,98,-67,-14,20,-15,-12,105,-88,-157,-99,-147,2,
46,1,62,75,28,6,-3,99,-67,-14,19,-16,-12,105,-88,-157,-99,-147,2,
46,1,62,75,28,6,-11,90,-74,-26,11,-24,-10,106,-83,-151,-101,-145,2,
46,1,62,75,28,6,0,100,-68,-11,21,-15,-14,103,-91,-156,-101,-146,2,
46,1,62,75,28,6,-2,100,-66,-12,21,-16,-14,104,-91,-156,-100,-147,2,
46,1,62,75,28,6,-3,99,-68,-12,20,-15,-13,104,-89,-157,-99,-146,2,
46,1,62,75,28,6,-4,96,-64,-15,19,-16,-13,104,-89,-154,-101,-146,2,
46,1,62,75,28,6,-1,98,-65,-14,19,-15,-13,104,-89,-144,-104,-149,2,
46,1,62,75,28,6,-2,99,-66,-13,20,-15,-12,105,-88,-155,-103,-140,2,
46,1,62,75,28,6,-4,97,-66,-15,19,-17,-13,104,-90,-152,-103,-145,2,
46,1,62,75,28,6,-3,98,-65,-14,19,-17,-13,104,-91,-157,-99,-147,2,
46,1,62,75,28,6,-3,99,-70,-16,19,-17,-14,104,-91,-154,-100,-147,2,
46,1,62,75,28,6,0,96,-59,-15,20,-15,-19,98,-90,-168,-93,-157,2,
46,1,62,75,28,6,-2,96,-61,-13,21,-13,-13,104,-91,-160,-92,-162,2,
46,1,62,75,28,6,-3,97,-65,-15,18,-17,-13,104,-90,-157,-99,-147,2,
46,1,62,75,28,6,0,100,-64,-11,21,-12,-14,104,-92,-144,-106,-150,2,
46,1,62,75,28,6,-3,98,-64,-14,19,-17,-14,104,-91,-137,-108,-151,2,
46,1,62,75,28,6,0,101,-64,-11,22,-12,-14,104,-91,-155,-101,-148,2,
46,1,62,75,28,6,-1,96,-62,-17,17,-17,-14,104,-91,-163,-97,-153,2,
46,1,62,75,28,6,-4,98,-67,-15,18,-17,-13,104,-90,-158,-99,-146,2,
46,1,62,75,28,6,-1,101,-67,-14,21,-13,-13,104,-91,-173,-91,-158,2,
46,1,62,75,28,6,0,96,-62,-16,19,-16,-12,105,-89,-162,-92,-159,2,
46,1,62,75,28,6,-3,99,-67,-13,20,-16,-12,105,-89,-157,-99,-146,2,
46,1,62,75,28,6,-3,98,-66,-16,18,-16,-12,105,-88,-166,-92,-156,2,
46,1,62,75,28,6,-1,100,-66,-11,20,-15,-14,104,-91,-157,-99,-147,2,
46,1,62,75,28,6,-3,99,-66,-12,20,-15,-13,104,-90,-153,-101,-146,2,
46,1,62,75,28,6,-1,100,-65,-11,21,-15,-14,104,-90,-159,-98,-147,2,
46,1,62,75,28,6,-4,97,-67,-16,18,-17,-12,105,-89,-154,-100,-145,2,
46,1,62,75,28,6,0,98,-63,-15,20,-14,-13,104,-90,-168,-94,-157,2,
46,1,62,75,28,6,0,99,-68,-13,20,-15,-13,105,-89,-152,-100,-151,2,
46,1,62,75,28,6,0,100,-64,-10,22,-12,-14,104,-91,-157,-99,-147,2,
46,1,62,75,28,6,-4,97,-67,-15,19,-17,-13,105,-89,-154,-100,-146,2,
46,1,62,75,28,6,-2,95,-63,-17,18,-15,-12,105,-89,-164,-94,-152,2,
46,1,62,75,28,6,-4,96,-65,-15,19,-17,-13,105,-90,-156,-101,-148,2,
46,1,62,75,28,6,-3,99,-66,-12,22,-14,-13,104,-90,-158,-99,-148,2,
46,1,62,75,28,6,-3,99,-67,-13,21,-14,-14,104,-90,-138,-109,-149,2,
46,1,62,75,28,6,-3,97,-64,-15,19,-17,-13,104,-90,-152,-101,-146,2,
46,1,62,75,28,6,-4,99,-69,-15,19,-15,-13,105,-89,-155,-101,-144,2,
46,1,62,75,28,6,-4,98,-68,-14,18,-17,-14,104,-91,-157,-101,-145,2,
46,1,62,75,28,6,-2,97,-65,-15,19,-16,-13,104,-88,-143,-105,-149,2,
46,1,62,75,28,6,0,101,-66,-10,22,-13,-13,104,-91,-157,-99,-146,2,
46,1,62,75,28,6,-5,97,-67,-14,18,-17,-13,104,-90,-159,-99,-147,2,
46,1,62,75,28,6,-2,98,-66,-13,20,-16,-12,104,-89,-155,-101,-146,2,
46,1,62,75,28,6,-3,106,-99,9,88,-121,22,108,-99,-179,-90,-159,1,
46,1,62,75,28,6,-4,98,-67,-15,20,-17,-13,104,-89,-156,-100,-148,2,
46,1,62,75,28,6,1,101,-65,-12,20,-14,-14,104,-91,-171,-91,-157,2,
46,1,62,75,28,6,-2,95,-63,-18,17,-17,-14,104,-90,-164,-94,-149,2,
46,1,62,75,28,6,-3,97,-65,-14,19,-16,-12,105,-88,-157,-99,-147,2,
46,1,62,75,28,6,-3,99,-67,-15,18,-14,-12,104,-89,-163,-93,-157,2,
46,1,62,75,28,6,-1,100,-64,-14,19,-13,-13,103,-90,-173,-90,-157,2,
46,1,62,75,28,6,-1,100,-64,-10,21,-13,-14,104,-91,-154,-101,-148,2,
46,1,62,75,28,6,-4,94,-60,-20,15,-16,-13,104,-90,-163,-94,-159,2,
46,1,62,75,28,6,0,99,-62,-12,20,-14,-14,104,-92,-164,-93,-162,2,
46,1,62,75,28,6,-1,101,-68,-10,21,-14,-14,104,-91,-154,-101,-148,2,
46,1,62,75,28,6,-4,98,-68,-15,19,-17,-13,104,-90,-158,-100,-148,2,
46,1,62,75,28,6,0,101,-64,-11,22,-13,-14,104,-91,-150,-100,-147,2,
46,1,62,75,28,6,-2,97,-63,-14,19,-17,-14,104,-92,-147,-104,-150,2,
46,1,62,75,28,6,-4,97,-67,-18,17,-18,-14,104,-91,-174,-90,-158,2,
46,1,62,75,28,6,-2,109,-98,8,91,-121,21,108,-99,-182,-89,-160,1,
46,1,62,75,28,6,-7,98,-69,-15,17,-15,-11,105,-87,-169,-92,-150,2,
46,1,62,75,28,6,-6,97,-67,-19,16,-17,-14,104,-90,-168,-92,-156,2,
46,1,62,75,28,6,-1,97,-63,-17,18,-15,-13,105,-89,-168,-92,-157,2,
46,1,62,75,28,6,0,99,-61,-14,19,-14,-14,104,-91,-158,-96,-154,2,
46,1,62,75,28,6,-5,98,-67,-14,18,-17,-13,104,-90,-162,-98,-147,2,
46,1,62,75,28,6,-2,99,-64,-12,21,-15,-14,104,-91,-153,-102,-148,2,
46,1,62,75,28,6,-3,97,-65,-16,18,-17,-13,104,-90,-145,-105,-149,2,
46,1,62,75,28,6,-4,103,-69,-13,20,-13,-14,104,-91,-178,-93,-151,2,
46,1,62,75,28,6,-3,99,-68,-14,19,-17,-14,104,-90,-157,-99,-147,2,
46,1,62,75,28,6,-2,98,-67,-14,20,-16,-12,105,-88,-147,-104,-150,2,
46,1,62,75,28,6,0,100,-62,-17,17,-16,-14,104,-90,-172,-90,-159,2,
46,1,62,75,28,6,3,100,-63,-12,20,-13,-14,103,-91,-163,-89,-159,2,
46,1,62,75,28,6,-2,97,-61,-17,17,-17,-14,104,-91,-172,-93,-150,2,
46,1,62,75,28,6,1,101,-64,-13,20,-14,-14,104,-91,-171,-92,-156,2,
46,1,62,75,28,6,3,99,-61,-13,20,-14,-14,104,-91,-165,-94,-155,2,
46,1,62,75,28,6,-1,101,-65,-10,21,-13,-14,104,-91,-151,-104,-145,2,
46,1,62,75,28,6,-3,97,-65,-15,18,-17,-13,104,-89,-144,-104,-149,2,
46,1,62,75,28,6,1,100,-61,-9,22,-12,-13,104,-90,-151,-105,-137,2,
46,1,62,75,28,6,-1,101,-65,-10,21,-14,-13,104,-91,-154,-102,-146,2,
46,1,62,75,28,6,-1,101,-66,-10,22,-13,-13,104,-92,-138,-109,-147,2,
46,1,62,75,28,6,-2,96,-59,-16,18,-15,-13,104,-90,-169,-94,-153,2,
46,1,62,75,28,6,-1,98,-65,-16,19,-16,-12,104,-89,-172,-91,-157,2,
46,1,62,75,28,6,-3,97,-66,-16,19,-17,-12,105,-89,-144,-105,-148,2,
46,1,62,75,28,6,-3,96,-64,-16,18,-17,-13,104,-89,-163,-93,-161,2,
46,1,62,75,28,6,-1,95,-63,-18,18,-18,-14,104,-91,-170,-92,-158,2,
46,1,62,75,28,6,-2,97,-64,-15,19,-16,-13,105,-89,-145,-105,-150,2,
46,1,62,75,28,6,1,97,-61,-11,21,-14,-13,104,-90,-148,-112,-142,2,
46,1,62,75,28,6,-3,97,-67,-15,19,-18,-13,104,-89,-155,-100,-145,2,
46,1,62,75,28,6,-3,98,-67,-15,19,-16,-12,105,-89,-146,-102,-149,2,
46,1,62,75,28,6,-3,99,-66,-16,19,-13,-13,104,-90,-170,-92,-160,2,
46,1,62,75,28,6,-3,94,-63,-19,17,-17,-14,104,-91,-169,-91,-157,2,
46,1,62,75,28,6,0,101,-65,-10,22,-12,-14,104,-92,-145,-105,-150,2,
46,1,62,75,28,6,-3,97,-64,-14,19,-15,-12,104,-89,-140,-109,-149,2,
46,1,62,75,28,6,-3,95,-63,-19,17,-17,-14,104,-91,-168,-92,-157,2,
46,1,62,75,28,6,-1,100,-67,-13,21,-13,-13,104,-91,-146,-105,-156,2,
46,1,62,75,28,6,-2,99,-67,-11,21,-13,-13,104,-90,-154,-100,-148,2,
46,1,62,75,28,6,-12,97,-69,-19,15,-16,-11,104,-87,-172,-93,-149,2,
46,1,62,75,28,6,-12,97,-69,-22,15,-18,-13,104,-90,-166,-91,-155,2,
46,1,62,75,28,6,-2,100,-66,-13,20,-16,-14,104,-90,-161,-100,-144,2,
46,1,62,75,28,6,-1,97,-61,-17,18,-14,-13,104,-90,-171,-92,-158,2,
46,1,62,75,28,6,-5,97,-67,-15,19,-17,-14,104,-90,-162,-98,-146,2,
46,1,62,75,28,6,1,99,-62,-14,19,-15,-13,104,-91,-170,-92,-157,2,
46,1,62,75,28,6,1,103,-68,-8,21,-12,-14,104,-92,-153,-101,-147,2,
46,1,62,75,28,6,-3,97,-66,-14,19,-17,-12,105,-89,-157,-99,-147,2,
46,1,62,75,28,6,-4,95,-63,-16,18,-18,-14,104,-91,-165,-94,-162,2,
46,1,62,75,28,6,-3,98,-67,-14,19,-17,-12,104,-88,-157,-99,-146,2,
46,1,62,75,28,6,-3,97,-63,-14,19,-15,-13,104,-89,-151,-100,-149,2,
46,1,62,75,28,6,-3,97,-62,-17,18,-15,-12,104,-88,-166,-93,-151,2,
46,1,62,75,28,6,-1,93,-58,-19,14,-17,-4,103,-94,-163,-94,-160,2,
46,1,62,75,28,6,-2,96,-62,-17,19,-16,-12,105,-89,-159,-96,-151,2,
46,1,62,75,28,6,-5,97,-64,-17,17,-15,-12,105,-90,-161,-94,-155,2,
46,1,62,75,28,6,1,102,-68,-10,23,-12,-14,104,-92,-153,-100,-147,2,
46,1,62,75,28,6,-4,97,-66,-16,19,-17,-13,104,-90,-155,-100,-144,2,
46,1,62,75,28,6,0,101,-64,-11,22,-13,-14,104,-91,-155,-101,-146,2,
46,1,62,75,28,6,-4,97,-68,-16,18,-17,-14,104,-90,-147,-103,-150,2,
46,1,62,75,28,6,-3,98,-60,-15,19,-12,-14,103,-91,-158,-95,-159,2,
46,1,62,75,28,6,-1,101,-65,-11,21,-14,-14,104,-91,-158,-99,-147,2,
46,1,62,75,28,6,-5,98,-68,-15,19,-17,-13,104,-90,-159,-99,-146,2,
46,1,62,75,28,6,0,98,-61,-11,21,-13,-14,104,-91,-161,-92,-162,2,
46,1,62,75,28,6,1,100,-64,-11,20,-13,-13,104,-91,-166,-92,-157,2,
46,1,62,75,28,6,-1,94,-57,-18,16,-17,-17,100,-89,-165,-93,-159,2,
46,1,62,75,28,6,2,101,-66,-10,21,-13,-13,104,-91,-146,-104,-151,2,
46,1,62,75,28,6,-4,98,-67,-15,19,-17,-13,104,-90,-158,-100,-144,2,
46,1,62,75,28,6,-2,98,-65,-15,19,-16,-13,105,-89,-144,-105,-150,2,
46,1,62,75,28,6,-1,97,-64,-13,19,-15,-12,105,-89,-142,-104,-148,2,
46,1,62,75,28,6,-3,98,-65,-13,20,-15,-12,104,-88,-158,-99,-147,2,
46,1,62,75,28,6,-1,101,-64,-11,21,-12,-14,104,-91,-145,-105,-149,2,
46,1,62,75,28,6,-3,96,-65,-16,18,-17,-14,104,-90,-145,-104,-151,2,
46,1,62,75,28,6,-1,99,-67,-14,20,-15,-13,104,-89,-148,-101,-149,2,
46,1,62,75,28,6,-4,98,-69,-15,19,-17,-14,104,-91,-155,-101,-146,2,
46,1,62,75,28,6,-7,103,-102,5,86,-124,23,108,-98,-181,-88,-159,1,
46,1,62,75,28,6,-3,98,-66,-13,20,-16,-12,105,-89,-159,-99,-147,2,
46,1,62,75,28,6,0,102,-65,-10,22,-13,-14,104,-91,-159,-99,-147,2,
46,1,62,75,28,6,-1,101,-66,-11,21,-14,-14,104,-92,-136,-107,-157,2,
46,1,62,75,28,6,-2,110,-97,7,91,-120,23,108,-99,-181,-88,-160,1,
46,1,62,75,28,6,-1,96,-65,-15,19,-16,-13,105,-89,-162,-92,-161,2,
46,1,62,75,28,6,-1,100,-66,-11,21,-13,-14,104,-91,-153,-102,-147,2,
46,1,62,75,28,6,-2,98,-64,-12,20,-13,-14,104,-91,-138,-113,-144,2,
46,1,62,75,28,6,-2,98,-66,-17,18,-16,-12,105,-89,-168,-92,-156,2,
46,1,62,75,28,6,-1,98,-62,-14,20,-13,-14,104,-91,-171,-92,-157,2,
46,1,62,75,28,6,-2,99,-68,-13,20,-12,-12,105,-90,-162,-92,-157,2,
46,1,62,75,28,6,-1,97,-66,-17,18,-16,-12,105,-89,-171,-91,-155,2,
46,1,62,75,28,6,-2,101,-66,-12,20,-15,-14,104,-91,-160,-99,-147,2,
46,1,62,75,28,6,-3,99,-66,-13,20,-15,-13,104,-89,-158,-99,-146,2,
46,1,62,75,28,6,-1,95,-63,-16,18,-16,-12,105,-88,-165,-93,-158,2,
46,1,62,75,28,6,-4,105,-102,7,87,-123,21,108,-98,-178,-89,-160,1,
46,1,62,75,28,6,-2,96,-65,-17,18,-17,-13,104,-89,-166,-91,-151,2,
46,1,62,75,28,6,-4,97,-65,-15,18,-17,-12,105,-89,-136,-113,-141,2,
46,1,62,75,28,6,-5,97,-66,-19,15,-17,-13,104,-89,-164,-91,-158,2,
46,1,62,75,28,6,-1,100,-64,-13,20,-14,-14,104,-92,-149,-103,-151,2,
46,1,62,75,28,6,2,98,-61,-13,19,-14,-14,104,-91,-166,-93,-156,2,
46,1,62,75,28,6,-2,97,-63,-16,18,-16,-12,104,-89,-169,-91,-155,2,
46,1,62,75,28,6,-4,104,-100,5,87,-121,25,108,-98,-178,-88,-162,1,
46,1,62,75,28,6,-4,98,-67,-15,18,-17,-13,104,-91,-140,-106,-149,2,
46,1,62,75,28,6,-1,95,-63,-16,19,-16,-12,105,-89,-164,-91,-160,2,
46,1,62,75,28,6,-1,95,-62,-18,17,-17,-13,104,-90,-168,-93,-152,2,
46,1,62,75,28,6,-4,99,-69,-15,19,-17,-13,104,-90,-155,-100,-144,2,
46,1,62,75,28,6,-3,98,-67,-15,19,-17,-13,104,-89,-152,-102,-144,2,
46,1,62,75,28,6,-4,98,-66,-14,19,-17,-13,104,-89,-156,-100,-146,2,
46,1,62,75,28,6,-3,99,-69,-13,20,-16,-13,104,-90,-154,-101,-146,2,
46,1,62,75,28,6,-2,97,-69,-17,18,-17,-14,104,-91,-172,-91,-156,2,
46,1,62,75,28,6,0,101,-67,-10,21,-13,-14,104,-91,-154,-99,-145,2,
46,1,62,75,28,6,-1,100,-64,-10,22,-13,-14,104,-91,-153,-101,-147,2,
46,1,62,75,28,6,-4,98,-67,-16,19,-17,-14,104,-90,-160,-99,-146,2,
46,1,62,75,28,6,-2,96,-63,-17,18,-16,-12,105,-89,-171,-92,-156,2,
46,1,62,75,28,6,1,98,-61,-13,20,-13,-14,104,-92,-169,-91,-157,2,
46,1,62,75,28,6,-4,98,-66,-15,19,-16,-13,104,-89,-136,-109,-151,2,
46,1,62,75,28,6,-10,101,-70,-14,18,-12,-13,104,-88,-166,-96,-147,2,
46,1,62,75,28,6,-1,98,-66,-15,19,-16,-12,105,-88,-146,-104,-153,2,
46,1,62,75,28,6,-5,96,-65,-15,18,-17,-13,104,-89,-176,-98,-137,2,
46,1,62,75,28,6,-1,100,-65,-11,20,-13,-14,104,-92,-137,-109,-151,2,
46,1,62,75,28,6,-5,92,-64,-22,15,-21,-14,104,-91,-166,-91,-159,2,
46,1,62,75,28,6,0,101,-64,-10,21,-13,-14,104,-91,-147,-104,-152,2,
46,1,62,75,28,6,-1,101,-66,-10,22,-13,-14,104,-91,-151,-102,-149,2,
46,1,62,75,28,6,-1,100,-63,-12,19,-15,-14,104,-90,-155,-99,-148,2,
46,1,62,75,28,6,-3,100,-67,-13,21,-14,-13,104,-90,-152,-101,-146,2,
46,1,62,75,28,6,-4,96,-65,-15,18,-16,-13,104,-89,-137,-107,-147,2,
46,1,62,75,28,6,-8,101,-101,5,80,-125,23,108,-98,-183,-87,-158,1,
46,1,62,75,28,6,-2,95,-63,-18,17,-18,-13,103,-91,-169,-92,-158,2,
46,1,62,75,28,6,1,99,-66,-12,21,-13,-14,104,-91,-151,-102,-152,2,
46,1,62,75,28,6,-1,96,-62,-17,18,-15,-12,104,-89,-166,-93,-156,2,
46,1,62,75,28,6,-2,100,-68,-13,19,-16,-14,104,-90,-155,-100,-147,2,
46,1,62,75,28,6,-1,95,-62,-15,19,-17,-13,104,-89,-144,-105,-143,2,
46,1,62,75,28,6,-4,97,-66,-15,19,-17,-13,104,-90,-153,-102,-149,2,
46,1,62,75,28,6,-1,95,-59,-18,18,-17,-1,110,-97,-166,-92,-158,2,
46,1,62,75,28,6,1,98,-62,-11,21,-13,-14,104,-91,-161,-92,-164,2,
46,1,62,75,28,6,-1,96,-61,-13,20,-15,-13,104,-89,-165,-90,-158,2,
46,1,62,75,28,6,-1,97,-64,-17,18,-16,-13,104,-91,-171,-92,-158,2,
46,1,62,75,28,6,4,103,-58,-9,23,-10,-15,104,-93,-163,-93,-161,2,
46,1,62,75,28,6,-14,101,-70,-16,17,-13,-12,104,-90,-171,-95,-148,2,
46,1,62,75,28,6,0,101,-65,-10,22,-13,-14,104,-91,-157,-99,-148,2,
46,1,62,75,28,6,-1,102,-66,-12,21,-12,-14,104,-91,-149,-101,-152,2,
46,1,62,75,28,6,-1,108,-97,7,89,-120,25,108,-97,-181,-90,-159,1,
46,1,62,75,28,6,-3,97,-65,-14,19,-16,-12,104,-88,-157,-99,-147,2,
46,1,62,75,28,6,-2,97,-63,-16,18,-15,-12,105,-90,-168,-90,-155,2,
46,1,62,75,28,6,-3,98,-67,-15,19,-18,-14,104,-91,-153,-102,-146,2,
46,1,62,75,28,6,-2,99,-69,-17,18,-17,-14,104,-91,-159,-100,-149,2,
46,1,62,75,28,6,1,101,-65,-10,22,-12,-14,104,-92,-150,-101,-151,2,
46,1,62,75,28,6,-8,98,-69,-19,15,-17,-13,104,-90,-166,-94,-153,2,
46,1,62,75,28,6,-2,101,-64,-13,19,-13,-14,104,-90,-165,-93,-157,2,
46,1,62,75,28,6,-2,101,-70,-14,20,-16,-13,105,-90,-156,-101,-148,2,
46,1,62,75,28,6,-2,96,-61,-15,18,-17,-14,104,-91,-164,-93,-157,2,
46,1,62,75,28,6,0,97,-65,-17,18,-18,-13,104,-91,-175,-91,-158,2,
46,1,62,75,28,6,2,98,-62,-13,20,-16,-14,104,-91,-163,-93,-163,2,
46,1,62,75,28,6,0,102,-66,-10,22,-12,-14,104,-91,-160,-100,-149,2,
46,1,62,75,28,6,-17,101,-74,-19,18,-15,-12,105,-88,-180,-99,-144,2,
46,1,62,75,28,6,-2,101,-65,-11,20,-13,-14,104,-91,-144,-108,-150,2,
46,1,62,75,28,6,-3,97,-67,-19,17,-18,-11,105,-86,-162,-92,-155,2,
46,1,62,75,28,6,0,92,-59,-12,12,-19,-1,107,-94,-165,-92,-160,2,
46,1,62,75,28,6,-4,97,-66,-15,18,-17,-13,104,-90,-159,-98,-145,2,
46,1,62,75,28,6,-1,101,-65,-11,21,-13,-14,104,-91,-140,-110,-151,2,
46,1,62,75,28,6,-3,98,-67,-15,19,-16,-13,104,-90,-153,-101,-145,2,
46,1,62,75,28,6,-1,101,-66,-10,22,-12,-14,104,-90,-157,-99,-147,2,
46,1,62,75,28,6,-2,100,-66,-13,19,-15,-14,104,-91,-138,-112,-148,2,
46,1,62,75,28,6,1,101,-66,-15,17,-16,-13,104,-91,-161,-93,-156,2,
46,1,62,75,28,6,-3,97,-66,-14,20,-16,-12,104,-88,-150,-104,-144,2,
46,1,62,75,28,6,-10,98,-69,-17,18,-15,-10,105,-85,-177,-94,-146,2,
46,1,62,75,28,6,-3,99,-69,-16,18,-17,-14,104,-90,-155,-101,-147,2,
46,1,62,75,28,6,0,96,-62,-17,18,-16,-12,105,-88,-162,-93,-148,2,
46,1,62,75,28,6,-5,99,-68,-15,18,-14,-12,105,-88,-170,-91,-151,2,
46,1,62,75,28,6,0,101,-66,-12,21,-13,-14,104,-91,-157,-100,-146,2,
46,1,62,75,28,6,-11,98,-68,-20,14,-17,-12,105,-88,-166,-94,-149,2,
46,1,62,75,28,6,-1,99,-67,-15,19,-14,-13,104,-91,-171,-91,-157,2,
46,1,62,75,28,6,-2,97,-64,-14,19,-15,-13,104,-90,-139,-108,-146,2,
46,1,62,75,28,6,-3,97,-66,-16,18,-17,-14,104,-90,-144,-105,-149,2,
46,1,62,75,28,6,-2,95,-61,-18,18,-17,-13,105,-89,-167,-93,-151,2,
46,1,62,75,28,6,-3,97,-68,-17,18,-16,-13,104,-90,-173,-91,-155,2,
46,1,62,75,28,6,1,101,-66,-13,20,-14,-14,104,-91,-170,-92,-158,2,
46,1,62,75,28,6,-3,96,-63,-14,19,-16,-12,105,-88,-155,-103,-144,2,
46,1,62,75,28,6,0,100,-65,-14,20,-15,-13,104,-92,-171,-91,-158,2,
46,1,62,75,28,6,-2,98,-65,-13,20,-15,-12,104,-89,-156,-99,-147,2,
46,1,62,75,28,6,-2,98,-70,-15,17,-17,-12,104,-89,-168,-94,-152,2,
46,1,62,75,28,6,-2,97,-67,-16,18,-16,-13,104,-89,-171,-90,-155,2,
46,1,62,75,28,6,-2,100,-64,-11,21,-12,-14,104,-91,-146,-105,-149,2,
46,1,62,75,28,6,-1,108,-101,5,89,-123,23,108,-99,-185,-90,-159,1,
46,1,62,75,28,6,-1,100,-66,-13,20,-16,-14,104,-91,-155,-101,-145,2,
46,1,62,75,28,6,-2,96,-61,-16,18,-18,-14,104,-91,-173,-92,-156,2,
46,1,62,75,28,6,-2,99,-64,-11,21,-13,-14,104,-90,-157,-99,-146,2,
46,1,62,75,28,6,-3,98,-65,-14,18,-17,-13,104,-91,-157,-99,-147,2,
46,1,62,75,28,6,-3,98,-67,-14,19,-16,-13,104,-89,-145,-104,-148,2,
46,1,62,75,28,6,-12,99,-70,-18,14,-17,-13,104,-88,-173,-95,-142,2,
46,1,62,75,28,6,-1,99,-66,-13,20,-13,-13,104,-90,-151,-99,-150,2,
46,1,62,75,28,6,0,100,-64,-11,20,-14,-14,104,-91,-158,-99,-149,2,
46,1,62,75,28,6,-7,98,-70,-18,17,-17,-12,105,-88,-172,-93,-148,2,
46,1,62,75,28,6,-3,97,-66,-14,20,-16,-12,104,-89,-159,-98,-146,2,
46,1,62,75,28,6,-5,94,-62,-19,16,-17,-13,104,-90,-166,-95,-154,2,
46,1,62,75,28,6,1,99,-63,-16,19,-15,-14,104,-91,-166,-92,-157,2,
46,1,62,75,28,6,-4,98,-67,-17,17,-16,-12,105,-88,-162,-93,-157,2,
46,1,62,75,28,6,0,101,-65,-10,22,-13,-14,104,-90,-156,-100,-147,2,
46,1,62,75,28,6,-5,98,-66,-15,19,-16,-13,104,-88,-135,-108,-148,2,
46,1,62,75,28,6,-5,97,-67,-16,18,-17,-13,104,-91,-138,-111,-144,2,
46,1,62,75,28,6,-1,99,-65,-13,19,-15,-13,104,-90,-146,-106,-150,2,
46,1,62,75,28,6,-3,97,-65,-16,18,-17,-13,104,-91,-143,-106,-151,2,
46,1,62,75,28,6,0,100,-63,-11,21,-13,-14,104,-91,-158,-100,-145,2,
46,1,62,75,28,6,-1,96,-62,-13,20,-15,-13,104,-90,-160,-94,-155,2,
46,1,62,75,28,6,-7,102,-98,5,83,-123,23,108,-98,-178,-91,-162,1,
46,1,62,75,28,6,-1,101,-67,-12,19,-12,-14,103,-91,-176,-91,-154,2,
46,1,62,75,28,6,-3,102,-66,-13,20,-13,-14,103,-91,-168,-93,-157,2,
46,1,62,75,28,6,-13,100,-69,-17,15,-16,-13,104,-89,-171,-94,-148,2,
46,1,62,75,28,6,-1,101,-65,-10,22,-13,-14,104,-91,-155,-101,-147,2,
46,1,62,75,28,6,-3,98,-67,-15,19,-16,-12,105,-88,-158,-98,-146,2,
46,1,62,75,28,6,-2,101,-66,-16,18,-16,-14,104,-91,-173,-91,-156,2,
46,1,62,75,28,6,1,100,-64,-11,21,-11,-14,104,-91,-153,-100,-154,2,
46,1,62,75,28,6,-2,95,-57,-17,19,-17,-7,109,-88,-170,-93,-156,2,
46,1,62,75,28,6,3,101,-58,-9,25,-6,-16,104,-94,-167,-92,-161,2,
46,1,62,75,28,6,-3,98,-66,-13,20,-15,-12,105,-88,-161,-99,-147,2,
46,1,62,75,28,6,-12,100,-73,-19,16,-16,-12,105,-88,-172,-92,-146,2,
46,1,62,75,28,6,1,100,-64,-12,20,-14,-14,104,-92,-169,-91,-158,2,
46,1,62,75,28,6,-4,97,-64,-15,19,-17,-13,105,-89,-160,-101,-145,2,
46,1,62,75,28,6,0,101,-64,-10,22,-12,-14,104,-91,-157,-99,-147,2,
46,1,62,75,28,6,-2,97,-66,-17,17,-17,-14,104,-91,-162,-92,-158,2,
46,1,62,75,28,6,-5,97,-66,-17,17,-16,-12,105,-88,-159,-91,-151,2,
46,1,62,75,28,6,1,102,-66,-11,22,-12,-14,104,-91,-156,-101,-147,2,
46,1,62,75,28,6,-2,99,-69,-13,21,-15,-12,105,-88,-154,-101,-147,2,
46,1,62,75,28,6,-3,98,-64,-13,20,-15,-13,104,-90,-151,-103,-146,2,
46,1,62,75,28,6,-7,104,-99,6,86,-125,23,108,-95,-183,-91,-151,1,
46,1,62,75,28,6,-4,99,-66,-18,18,-15,-13,104,-90,-171,-92,-154,2,
46,1,62,75,28,6,-3,99,-69,-15,19,-16,-13,104,-90,-154,-100,-147,2,
46,1,62,75,28,6,-2,98,-69,-16,18,-17,-13,105,-89,-151,-100,-150,2,
46,1,62,75,28,6,-2,98,-67,-15,19,-17,-13,104,-90,-153,-100,-146,2,
46,1,62,75,28,6,2,99,-59,-13,20,-13,-14,104,-91,-169,-92,-158,2,
46,1,62,75,28,6,-3,99,-65,-13,20,-15,-13,104,-90,-160,-99,-146,2,
46,1,62,75,28,6,-3,97,-66,-15,19,-16,-12,104,-89,-157,-99,-147,2,
46,1,62,75,28,6,0,101,-65,-11,21,-13,-14,104,-91,-147,-104,-151,2,
46,1,62,75,28,6,-4,97,-67,-15,19,-16,-12,105,-88,-145,-110,-148,2,
46,1,62,75,28,6,-3,98,-66,-15,20,-16,-13,104,-89,-156,-101,-146,2,
46,1,62,75,28,6,-3,97,-67,-17,18,-17,-13,105,-90,-154,-100,-146,2,
46,1,62,75,28,6,3,99,-60,-11,21,-13,-14,104,-91,-162,-93,-160,2,
46,1,62,75,28,6,-3,98,-67,-15,19,-15,-13,105,-89,-147,-104,-148,2,
46,1,62,75,28,6,-1,95,-62,-18,18,-17,-13,104,-89,-165,-93,-152,2,
46,1,62,75,28,6,1,100,-62,-10,21,-12,-14,104,-92,-163,-93,-161,2,
46,1,62,75,28,6,-4,98,-68,-15,19,-17,-13,104,-90,-156,-99,-145,2,
46,1,62,75,28,6,-2,97,-61,-17,19,-14,-13,104,-90,-166,-94,-152,2,
46,1,62,75,28,6,-2,99,-64,-12,21,-13,-14,104,-91,-148,-103,-153,2,
46,1,62,75,28,6,-3,97,-66,-14,19,-15,-13,105,-89,-158,-98,-146,2,
46,1,62,75,28,6,-6,99,-68,-18,17,-16,-12,104,-88,-164,-94,-154,2,
46,1,62,75,28,6,-6,96,-65,-16,18,-17,-14,104,-91,-131,-109,-156,2,
46,1,62,75,28,6,-2,94,-62,-18,18,-17,-13,104,-90,-167,-93,-157,2,
46,1,62,75,28,6,0,98,-61,-14,20,-12,-14,104,-92,-164,-94,-154,2,
46,1,62,75,28,6,-1,97,-62,-16,20,-14,-13,104,-91,-161,-96,-154,2,
46,1,62,75,28,6,-3,99,-67,-13,20,-15,-12,105,-88,-197,-96,-134,2,
46,1,62,75,28,6,-1,100,-62,-11,21,-13,-14,104,-91,-152,-103,-149,2,
46,1,62,75,28,6,-3,99,-69,-15,19,-17,-13,104,-90,-155,-101,-148,2,
46,1,62,75,28,6,-1,95,-62,-16,18,-17,-14,104,-90,-162,-92,-163,2,
46,1,62,75,28,6,3,101,-66,-10,21,-13,-14,104,-91,-148,-102,-152,2,
46,1,62,75,28,6,-2,96,-63,-18,18,-17,-14,104,-90,-172,-91,-158,2,
46,1,62,75,28,6,-3,102,-69,-11,22,-15,-14,105,-92,-153,-104,-148,2,
46,1,62,75,28,6,0,97,-63,-14,19,-14,-13,104,-91,-169,-91,-158,2,
46,1,62,75,28,6,-1,94,-57,-18,18,-18,-13,105,-88,-167,-91,-160,2,
46,1,62,75,28,6,-3,99,-66,-13,20,-15,-13,104,-90,-154,-101,-144,2,
46,1,62,75,28,6,-3,97,-65,-14,19,-17,-13,104,-89,-153,-101,-146,2,
46,1,62,75,28,6,2,99,-60,-13,20,-13,-14,104,-92,-168,-90,-156,2,
46,1,62,75,28,6,-3,98,-65,-13,21,-14,-13,104,-91,-136,-111,-147,2,
46,1,62,75,28,6,-2,98,-67,-12,20,-15,-13,104,-89,-153,-101,-146,2,
46,1,62,75,28,6,-2,97,-65,-14,20,-15,-13,104,-90,-154,-101,-146,2,
46,1,62,75,28,6,-2,96,-67,-16,19,-18,-14,104,-90,-148,-101,-152,2,
46,1,62,75,28,6,0,101,-66,-10,21,-13,-13,103,-91,-159,-100,-148,2,
46,1,62,75,28,6,-1,97,-63,-17,19,-16,-13,105,-88,-166,-94,-150,2,
46,1,62,75,28,6,-1,99,-66,-15,19,-15,-13,104,-91,-171,-92,-158,2,
46,1,62,75,28,6,-1,101,-65,-12,21,-14,-14,104,-91,-139,-110,-147,2,
46,1,62,75,28,6,-1,96,-62,-17,18,-16,-13,104,-89,-171,-92,-156,2,
46,1,62,75,28,6,0,99,-60,-13,19,-13,-14,104,-91,-163,-96,-154,2,
46,1,62,75,28,6,-2,98,-65,-12,20,-14,-12,104,-89,-157,-99,-147,2,
46,1,62,75,28,6,-4,96,-65,-17,19,-17,-13,104,-90,-150,-103,-149,2,
46,1,62,75,28,6,1,100,-62,-11,21,-13,-13,105,-91,-163,-94,-159,2,
46,1,62,75,28,6,-2,98,-67,-14,19,-16,-12,105,-89,-143,-105,-148,2,
46,1,62,75,28,6,-1,101,-64,-14,19,-13,-14,104,-90,-176,-93,-153,2,
46,1,62,75,28,6,-2,96,-64,-16,18,-17,-14,104,-91,-164,-92,-162,2,
46,1,62,75,28,6,-4,101,-65,-15,18,-14,-14,103,-91,-166,-93,-158,2,
46,1,62,75,28,6,-1,99,-65,-13,20,-15,-14,104,-92,-148,-103,-149,2,
46,1,62,75,28,6,0,100,-63,-13,20,-12,-14,104,-91,-166,-92,-153,2,
46,1,62,75,28,6,-3,94,-64,-17,15,-17,-13,104,-90,-165,-91,-159,2,
46,1,62,75,28,6,2,101,-65,-13,20,-14,-14,104,-92,-173,-92,-158,2,
46,1,62,75,28,6,-5,97,-66,-16,19,-17,-13,105,-89,-141,-108,-146,2,
46,1,62,75,28,6,-3,97,-65,-15,18,-17,-14,104,-91,-146,-103,-151,2,
46,1,62,75,28,6,-4,98,-64,-15,19,-16,-12,104,-89,-154,-102,-142,2,
46,1,62,75,28,6,-2,99,-66,-14,20,-14,-13,104,-90,-156,-100,-146,2,
46,1,62,75,28,6,-2,99,-66,-12,21,-14,-13,104,-91,-140,-111,-144,2,
46,1,62,75,28,6,0,100,-63,-10,22,-13,-14,104,-91,-153,-102,-144,2,
46,1,62,75,28,6,-1,99,-63,-12,21,-12,-14,104,-91,-143,-104,-150,2,
46,1,62,75,28,6,0,100,-64,-10,21,-12,-14,104,-91,-137,-110,-155,2,
46,1,62,75,28,6,2,99,-61,-12,21,-12,-14,104,-91,-168,-94,-151,2,
46,1,62,75,28,6,-1,98,-65,-16,18,-15,-12,105,-89,-167,-91,-160,2,
46,1,62,75,28,6,-1,97,-68,-16,18,-18,-14,104,-91,-149,-101,-150,2,
46,1,62,75,28,6,-4,96,-63,-16,18,-15,-12,105,-88,-166,-91,-145,2,
46,1,62,75,28,6,-1,101,-65,-10,22,-13,-14,104,-91,-157,-99,-148,2,
46,1,62,75,28,6,-3,99,-66,-13,20,-14,-13,104,-90,-156,-99,-147,2,
46,1,62,75,28,6,-1,98,-65,-12,21,-14,-13,105,-90,-148,-104,-144,2,
46,1,62,75,28,6,-1,99,-64,-14,19,-16,-14,104,-91,-154,-103,-146,2,
46,1,62,75,28,6,0,100,-65,-12,20,-14,-13,104,-91,-157,-100,-148,2,
46,1,62,75,28,6,0,97,-61,-14,19,-16,-13,105,-89,-148,-102,-146,2,
46,1,62,75,28,6,-2,96,-64,-16,19,-16,-13,104,-88,-162,-92,-161,2,
46,1,62,75,28,6,-5,97,-67,-16,18,-17,-14,104,-90,-139,-110,-148,2,
46,1,62,75,28,6,-3,96,-67,-18,16,-18,-14,104,-91,-165,-92,-158,2,
46,1,62,75,28,6,-5,97,-66,-14,19,-16,-13,104,-90,-154,-100,-148,2,
46,1,62,75,28,6,-4,103,-103,7,87,-122,20,109,-99,-180,-88,-162,1,
46,1,62,75,28,6,0,100,-63,-11,21,-12,-14,104,-91,-140,-108,-150,2,
46,1,62,75,28,6,-3,98,-68,-13,19,-16,-12,105,-89,-155,-99,-145,2,
46,1,62,75,28,6,-2,97,-63,-16,18,-15,-13,105,-90,-166,-93,-153,2,
46,1,62,75,28,6,1,94,-62,-15,18,-17,-13,104,-89,-162,-92,-158,2,
46,1,62,75,28,6,-3,98,-66,-14,20,-16,-13,105,-89,-159,-98,-146,2,
46,1,62,75,28,6,-2,95,-62,-17,17,-16,-13,104,-89,-167,-94,-153,2,
46,1,62,75,28,6,-1,96,-61,-13,19,-17,-13,104,-89,-149,-106,-145,2,
46,1,62,75,28,6,-2,97,-64,-15,19,-15,-12,104,-89,-144,-105,-148,2,
46,1,62,75,28,6,-2,97,-65,-15,20,-16,-12,105,-88,-151,-101,-150,2,
46,1,62,75,28,6,-3,99,-67,-14,19,-17,-14,104,-91,-148,-103,-149,2,
46,1,62,75,28,6,-1,97,-62,-16,18,-16,-14,104,-91,-177,-92,-151,2,
46,1,62,75,28,6,-1,95,-66,-17,17,-17,-14,104,-91,-167,-92,-159,2,
46,1,62,75,28,6,-1,96,-64,-13,20,-16,-12,105,-89,-151,-111,-142,2,
46,1,62,75,28,6,-1,99,-65,-12,20,-16,-14,104,-91,-156,-101,-146,2,
46,1,62,75,28,6,2,99,-60,-10,22,-12,-13,104,-90,-150,-103,-145,2,
46,1,62,75,28,6,-2,99,-65,-15,18,-15,-14,104,-91,-174,-91,-157,2,
46,1,62,75,28,6,-4,98,-68,-15,19,-18,-14,104,-90,-159,-99,-146,2,
46,1,62,75,28,6,-4,98,-69,-14,18,-17,-13,104,-90,-157,-99,-146,2,
46,1,62,75,28,6,-3,98,-68,-18,17,-17,-12,105,-89,-171,-91,-155,2,
46,1,62,75,28,6,-1,94,-60,-15,16,-15,-34,109,-90,-162,-92,-159,2,
46,1,62,75,28,6,-5,98,-66,-18,17,-16,-11,105,-88,-166,-92,-154,2,
46,1,62,75,28,6,0,97,-62,-14,20,-13,-13,104,-91,-166,-93,-152,2,
46,1,62,75,28,6,-3,98,-68,-16,19,-17,-13,104,-90,-149,-102,-151,2,
46,1,62,75,28,6,-7,102,-99,4,85,-122,25,108,-97,-179,-90,-160,1,
46,1,62,75,28,6,-3,97,-66,-16,19,-17,-13,104,-90,-157,-98,-153,2,
46,1,62,75,28,6,-2,99,-64,-13,20,-16,-14,104,-91,-154,-101,-147,2,
46,1,62,75,28,6,0,100,-62,-11,20,-12,-14,104,-92,-171,-90,-158,2,
46,1,62,75,28,6,-2,95,-61,-17,18,-15,-13,105,-89,-164,-95,-149,2,
46,1,62,75,28,6,0,98,-60,-10,21,-12,-14,104,-91,-159,-93,-161,2,
46,1,62,75,28,6,-6,103,-103,4,82,-124,23,108,-97,-182,-88,-159,1,
46,1,62,75,28,6,-5,97,-66,-16,18,-17,-13,104,-89,-140,-109,-151,2,
46,1,62,75,28,6,6,105,-63,-4,26,-7,-17,102,-97,-153,-102,-153,2,
46,1,62,75,28,6,-1,101,-69,-13,19,-13,-13,104,-92,-174,-94,-149,2,
46,1,62,75,28,6,-1,97,-64,-16,18,-15,-13,104,-90,-168,-92,-158,2,
46,1,62,75,28,6,-2,96,-61,-16,18,-15,-12,105,-89,-170,-94,-152,2,
46,1,62,75,28,6,-1,99,-65,-12,21,-13,-13,104,-91,-145,-105,-149,2,
46,1,62,75,28,6,-3,99,-64,-14,19,-16,-14,104,-91,-137,-113,-143,2,
46,1,62,75,28,6,3,98,-62,-13,20,-12,-14,105,-91,-159,-95,-155,2,
46,1,62,75,28,6,-2,97,-63,-15,19,-16,-13,105,-89,-167,-92,-158,2,
46,1,62,75,28,6,-1,96,-63,-16,18,-17,-14,104,-90,-162,-93,-162,2,
46,1,62,75,28,6,-2,99,-67,-13,20,-14,-13,104,-89,-156,-100,-147,2,
46,1,62,75,28,6,-5,107,-98,7,92,-120,21,108,-97,-178,-89,-159,1,
46,1,62,75,28,6,-2,97,-66,-16,17,-17,-13,104,-91,-150,-101,-149,2,
46,1,62,75,28,6,-2,94,-63,-18,17,-17,-14,104,-90,-164,-94,-153,2,
46,1,62,75,28,6,-2,98,-69,-18,18,-17,-13,105,-89,-171,-91,-155,2,
46,1,62,75,28,6,-4,106,-98,7,90,-121,21,108,-98,-180,-89,-160,1,
46,1,62,75,28,6,-2,98,-64,-14,19,-17,-14,104,-91,-153,-102,-147,2,
46,1,62,75,28,6,-1,97,-65,-18,17,-18,-14,104,-91,-172,-90,-156,2,
46,1,62,75,28,6,-3,98,-66,-15,19,-17,-14,104,-91,-155,-100,-147,2,
46,1,62,75,28,6,-2,98,-65,-14,20,-15,-12,105,-89,-145,-104,-149,2,
46,1,62,75,28,6,0,97,-63,-15,19,-15,-12,104,-90,-166,-92,-157,2,
46,1,62,75,28,6,1,98,-64,-15,19,-16,-15,103,-91,-166,-93,-159,2,
46,1,62,75,28,6,-2,97,-65,-17,19,-16,-12,105,-89,-173,-91,-157,2,
46,1,62,75,28,6,-3,99,-68,-13,20,-15,-13,104,-89,-157,-98,-147,2,
46,1,62,75,28,6,-3,98,-69,-17,17,-17,-13,104,-91,-175,-92,-155,2,
46,1,62,75,28,6,-4,97,-65,-15,19,-17,-13,104,-90,-153,-102,-146,2,
46,1,62,75,28,6,-3,97,-64,-14,19,-15,-13,104,-89,-144,-103,-151,2,
46,1,62,75,28,6,-7,99,-70,-19,16,-18,-13,104,-91,-167,-97,-155,2,
46,1,62,75,28,6,-4,97,-66,-15,19,-17,-14,104,-90,-158,-99,-147,2,
46,1,62,75,28,6,-5,97,-68,-16,18,-17,-14,104,-90,-149,-104,-149,2,
46,1,62,75,28,6,-2,108,-96,7,92,-120,22,108,-98,-180,-89,-160,1,
46,1,62,75,28,6,0,101,-65,-10,21,-13,-14,104,-91,-149,-103,-149,2,
46,1,62,75,28,6,-3,95,-63,-17,18,-18,-14,104,-91,-163,-94,-163,2,
46,1,62,75,28,6,-2,96,-63,-18,17,-17,-14,104,-91,-163,-94,-152,2,
46,1,62,75,28,6,1,99,-62,-11,21,-14,-14,104,-92,-163,-92,-162,2,
46,1,62,75,28,6,-7,102,-68,-12,18,-12,-14,103,-91,-170,-93,-150,2,
46,1,62,75,28,6,-2,99,-66,-15,18,-16,-14,104,-91,-167,-94,-161,2,
46,1,62,75,28,6,-3,97,-67,-16,19,-17,-13,104,-89,-150,-102,-150,2,
46,1,62,75,28,6,-6,101,-71,-19,17,-14,-12,105,-90,-178,-93,-151,2,
46,1,62,75,28,6,-3,99,-66,-13,20,-15,-13,105,-90,-153,-101,-146,2,
46,1,62,75,28,6,-1,97,-66,-18,18,-17,-12,104,-89,-171,-91,-155,2,
46,1,62,75,28,6,-1,101,-65,-11,21,-12,-14,104,-91,-142,-112,-144,2,
46,1,62,75,28,6,-2,96,-61,-14,20,-14,-12,106,-89,-162,-92,-162,2,
46,1,62,75,28,6,1,99,-65,-14,19,-16,-14,104,-92,-150,-103,-152,2,
46,1,62,75,28,6,-4,97,-65,-20,15,-18,-14,104,-92,-164,-92,-157,2,
46,1,62,75,28,6,-1,93,-59,-18,18,-18,-21,102,-89,-163,-93,-159,2,
46,1,62,75,28,6,-4,94,-58,-16,19,-15,-13,105,-90,-164,-96,-154,2,
46,1,62,75,28,6,-7,97,-67,-20,15,-18,-13,104,-90,-166,-92,-156,2,
46,1,62,75,28,6,0,100,-65,-10,22,-12,-14,104,-92,-154,-100,-146,2,
46,1,62,75,28,6,-3,98,-65,-14,20,-15,-13,104,-91,-138,-112,-145,2,
46,1,62,75,28,6,-2,99,-66,-13,20,-16,-14,104,-91,-158,-99,-147,2,
46,1,62,75,28,6,-1,100,-66,-10,22,-13,-14,104,-91,-154,-101,-148,2,
46,1,62,75,28,6,-3,96,-62,-18,17,-17,-14,104,-90,-169,-94,-149,2,
46,1,62,75,28,6,-2,98,-64,-14,19,-16,-14,104,-91,-156,-99,-147,2,
46,1,62,75,28,6,-1,99,-63,-12,21,-13,-13,104,-91,-157,-101,-146,2,
46,1,62,75,28,6,-8,96,-66,-18,17,-17,-12,105,-89,-174,-96,-143,2,
46,1,62,75,28,6,-4,97,-66,-15,19,-16,-13,104,-90,-157,-99,-147,2,
46,1,62,75,28,6,-1,109,-95,9,95,-117,23,107,-99,-182,-90,-160,1,
46,1,62,75,28,6,0,98,-69,-15,20,-16,-13,104,-89,-151,-100,-151,2,
46,1,62,75,28,6,-1,97,-63,-14,20,-15,-13,104,-90,-162,-92,-162,2,
46,1,62,75,28,6,-1,101,-66,-11,22,-12,-14,104,-91,-154,-101,-147,2,
46,1,62,75,28,6,-1,97,-66,-16,19,-16,-13,105,-90,-169,-91,-158,2,
46,1,62,75,28,6,-5,103,-68,-13,19,-12,-13,104,-90,-170,-92,-155,2,
46,1,62,75,28,6,-5,100,-69,-19,18,-15,-13,104,-90,-174,-92,-153,2,
46,1,62,75,28,6,-1,95,-62,-17,18,-18,-14,104,-91,-164,-94,-153,2,
46,1,62,75,28,6,-3,96,-65,-16,18,-17,-13,104,-90,-145,-105,-149,2,
46,1,62,75,28,6,-11,103,-67,-17,18,-14,-13,104,-91,-169,-95,-147,2,
46,1,62,75,28,6,-2,101,-66,-11,22,-12,-14,104,-91,-155,-101,-148,2,
46,1,62,75,28,6,0,99,-65,-17,19,-17,-14,104,-91,-173,-91,-158,2,
46,1,62,75,28,6,-6,97,-68,-18,17,-16,-12,105,-88,-171,-93,-152,2,
46,1,62,75,28,6,-1,100,-65,-10,22,-12,-13,104,-91,-153,-100,-147,2,
46,1,62,75,28,6,-3,96,-62,-18,17,-18,-14,104,-91,-167,-95,-152,2,
46,1,62,75,28,6,1,98,-61,-15,19,-16,-14,104,-91,-167,-93,-157,2,
46,1,62,75,28,6,-1,100,-65,-12,19,-16,-13,104,-90,-197,-97,-139,2,
46,1,62,75,28,6,-2,99,-68,-15,19,-17,-14,104,-90,-155,-101,-146,2,
46,1,62,75,28,6,-3,94,-57,-16,19,-15,-2,103,-95,-167,-92,-160,2,
46,1,62,75,28,6,0,98,-67,-15,20,-15,-13,104,-90,-173,-90,-157,2,
46,1,62,75,28,6,3,97,-57,-11,22,-13,-7,109,-103,-167,-91,-160,2,
46,1,62,75,28,6,0,99,-61,-15,18,-16,-14,104,-91,-157,-96,-154,2,
46,1,62,75,28,6,3,100,-60,-13,20,-13,-14,104,-91,-173,-91,-158,2,
46,1,62,75,28,6,-3,98,-65,-14,19,-16,-13,105,-89,-159,-101,-145,2,
46,1,62,75,28,6,-4,98,-68,-17,16,-18,-14,104,-91,-164,-93,-157,2,
46,1,62,75,28,6,-1,100,-64,-12,20,-15,-14,104,-91,-155,-100,-147,2,
46,1,62,75,28,6,-4,97,-68,-15,19,-17,-13,104,-89,-155,-100,-144,2,
46,1,62,75,28,6,-2,98,-64,-13,20,-15,-13,104,-89,-159,-98,-147,2,
46,1,62,75,28,6,-3,97,-65,-14,19,-16,-13,105,-89,-158,-99,-147,2,
46,1,62,75,28,6,14,116,-59,8,35,5,-15,103,-92,-153,-99,-149,2,
46,1,62,75,28,6,-2,98,-68,-16,18,-17,-13,105,-90,-150,-101,-149,2,
46,1,62,75,28,6,-3,96,-66,-15,20,-17,-13,105,-90,-151,-101,-146,2,
46,1,62,75,28,6,-2,97,-62,-14,19,-15,-13,104,-89,-163,-92,-159,2,
46,1,62,75,28,6,0,98,-62,-16,19,-15,-13,104,-90,-169,-91,-157,2,
46,1,62,75,28,6,-2,96,-64,-15,19,-16,-13,105,-89,-168,-92,-158,2,
46,1,62,75,28,6,-6,99,-72,-16,15,-16,-13,104,-90,-178,-91,-152,2,
46,1,62,75,28,6,5,98,-59,-11,21,-11,-14,104,-92,-162,-92,-165,2,
46,1,62,75,28,6,-5,97,-66,-16,18,-17,-13,104,-89,-139,-112,-145,2,
46,1,62,75,28,6,-2,97,-63,-15,19,-15,-13,104,-89,-166,-92,-159,2,
46,1,62,75,28,6,-4,97,-65,-15,19,-17,-13,104,-89,-154,-100,-146,2,
46,1,62,75,28,6,-3,97,-66,-15,19,-17,-14,104,-90,-159,-98,-147,2,
46,1,62,75,28,6,-3,95,-65,-17,16,-16,-13,105,-89,-164,-92,-158,2,
46,1,62,75,28,6,-2,97,-65,-16,19,-16,-12,104,-90,-173,-91,-157,2,
46,1,62,75,28,6,-2,99,-62,-11,21,-12,-14,104,-91,-134,-107,-152,2,
46,1,62,75,28,6,-3,99,-66,-14,20,-15,-12,104,-89,-154,-101,-145,2,
46,1,62,75,28,6,-1,98,-66,-13,20,-14,-13,104,-90,-151,-103,-152,2,
46,1,62,75,28,6,-3,98,-63,-15,19,-15,-13,105,-90,-144,-102,-151,2,
46,1,62,75,28,6,-2,96,-51,-14,20,-12,-14,104,-92,-157,-97,-152,2,
46,1,62,75,28,6,-4,98,-67,-15,19,-16,-13,105,-89,-158,-99,-146,2,
46,1,62,75,28,6,-1,100,-65,-12,20,-15,-13,104,-91,-159,-99,-147,2,
46,1,62,75,28,6,-3,97,-65,-15,19,-16,-12,104,-89,-143,-104,-150,2,
46,1,62,75,28,6,0,97,-61,-13,20,-14,-13,104,-89,-162,-93,-162,2,
46,1,62,75,28,6,-1,99,-64,-13,20,-16,-14,104,-91,-140,-107,-148,2,
46,1,62,75,28,6,-1,98,-65,-15,19,-14,-12,104,-90,-170,-92,-158,2,
46,1,62,75,28,6,1,96,-57,-14,19,-15,-7,106,-90,-164,-92,-157,2,
46,1,62,75,28,6,-1,100,-63,-11,22,-12,-14,104,-91,-156,-102,-145,2,
46,1,62,75,28,6,1,98,-62,-13,20,-16,-14,104,-91,-165,-92,-158,2,
46,1,62,75,28,6,-1,100,-65,-12,20,-14,-14,104,-90,-156,-103,-140,2,
46,1,62,75,28,6,-6,101,-68,-14,19,-12,-14,104,-91,-169,-94,-154,2,
46,1,62,75,28,6,-5,98,-69,-16,18,-17,-14,104,-90,-141,-106,-152,2,
46,1,62,75,28,6,-3,98,-66,-16,17,-17,-14,104,-91,-167,-91,-156,2,
46,1,62,75,28,6,-1,100,-64,-11,21,-13,-14,104,-91,-139,-108,-151,2,
46,1,62,75,28,6,-4,99,-65,-13,20,-13,-13,104,-91,-137,-110,-152,2,
46,1,62,75,28,6,-2,97,-66,-14,20,-16,-12,105,-89,-152,-101,-145,2,
46,1,62,75,28,6,-2,96,-63,-18,17,-17,-14,104,-91,-168,-93,-156,2,
46,1,62,75,28,6,-1,102,-65,-10,22,-12,-14,104,-91,-158,-100,-148,2,
46,1,62,75,28,6,-2,109,-95,9,92,-119,24,108,-97,-179,-89,-160,1,
46,1,62,75,28,6,-1,101,-65,-12,21,-15,-14,104,-91,-159,-99,-147,2,
46,1,62,75,28,6,-4,97,-66,-14,19,-16,-12,105,-89,-158,-98,-146,2,
46,1,62,75,28,6,-3,98,-72,-15,20,-17,-12,105,-88,-155,-100,-147,2,
46,1,62,75,28,6,-1,96,-61,-17,18,-16,-12,105,-89,-170,-91,-157,2,
46,1,62,75,28,6,-2,98,-64,-11,21,-13,-13,104,-90,-153,-101,-147,2,
46,1,62,75,28,6,-3,97,-65,-18,16,-18,-14,104,-91,-170,-93,-156,2,
46,1,62,75,28,6,-1,96,-63,-18,17,-17,-13,104,-91,-168,-92,-157,2,
46,1,62,75,28,6,-1,110,-94,8,93,-119,24,108,-98,-179,-88,-160,1,
46,1,62,75,28,6,-5,97,-65,-17,18,-17,-13,104,-90,-144,-106,-148,2,
46,1,62,75,28,6,-15,99,-71,-21,13,-17,-13,104,-89,-170,-95,-148,2,
46,1,62,75,28,6,0,100,-62,-12,20,-13,-14,104,-91,-166,-92,-158,2,
46,1,62,75,28,6,-3,98,-65,-16,17,-13,-13,104,-89,-167,-90,-154,2,
46,1,62,75,28,6,-1,99,-65,-13,20,-16,-14,104,-91,-154,-101,-146,2,
46,1,62,75,28,6,-3,96,-63,-15,19,-17,-13,104,-89,-152,-101,-149,2,
46,1,62,75,28,6,-3,97,-67,-15,18,-17,-13,104,-90,-142,-105,-149,2,
46,1,62,75,28,6,-2,101,-67,-10,22,-13,-13,104,-91,-159,-99,-146,2,
46,1,62,75,28,6,0,101,-64,-10,21,-14,-14,104,-91,-156,-99,-148,2,
46,1,62,75,28,6,-1,100,-64,-11,21,-13,-14,104,-91,-140,-110,-142,2,
46,1,62,75,28,6,3,96,-59,-12,13,-16,-16,104,-89,-168,-92,-158,2,
46,1,62,75,28,6,0,102,-68,-10,22,-13,-14,104,-91,-154,-102,-147,2,
46,1,62,75,28,6,-2,100,-67,-15,18,-16,-14,104,-91,-160,-95,-156,2,
46,1,62,75,28,6,-4,98,-66,-15,19,-17,-13,104,-90,-153,-102,-147,2,
46,1,62,75,28,6,-4,98,-67,-15,19,-17,-13,105,-89,-157,-99,-147,2,
46,1,62,75,28,6,-3,97,-67,-16,18,-17,-13,104,-89,-145,-102,-149,2,
46,1,62,75,28,6,-1,97,-63,-17,18,-17,-13,104,-90,-173,-90,-157,2,
46,1,62,75,28,6,-1,99,-64,-11,22,-13,-13,104,-90,-158,-99,-148,2,
46,1,62,75,28,6,-2,97,-63,-15,19,-15,-13,105,-89,-168,-92,-158,2,
46,1,62,75,28,6,-1,97,-63,-17,18,-15,-12,105,-89,-167,-91,-154,2,
46,1,62,75,28,6,-3,98,-69,-15,19,-17,-14,104,-90,-152,-101,-146,2,
46,1,62,75,28,6,-2,111,-98,6,90,-120,23,108,-99,-179,-89,-160,1,
46,1,62,75,28,6,2,98,-57,-14,19,-11,-14,104,-92,-156,-93,-159,2,
46,1,62,75,28,6,-2,96,-65,-15,19,-17,-12,104,-88,-162,-91,-161,2,
46,1,62,75,28,6,1,98,-62,-16,19,-15,-13,104,-91,-169,-91,-154,2,
46,1,62,75,28,6,-3,97,-65,-15,19,-17,-14,104,-91,-154,-101,-147,2,
46,1,62,75,28,6,-3,97,-67,-18,17,-17,-14,104,-91,-173,-91,-157,2,
46,1,62,75,28,6,-3,96,-65,-19,17,-17,-14,104,-91,-170,-91,-157,2,
46,1,62,75,28,6,-1,100,-65,-11,21,-13,-14,104,-91,-153,-101,-147,2,
46,1,62,75,28,6,-2,95,-62,-17,17,-16,-13,104,-89,-159,-96,-149,2,
46,1,62,75,28,6,-3,98,-69,-15,19,-16,-13,105,-89,-148,-102,-150,2,
46,1,62,75,28,6,-3,98,-66,-13,20,-15,-13,104,-89,-154,-100,-147,2,
46,1,62,75,28,6,-1,99,-64,-12,21,-14,-14,104,-90,-137,-110,-144,2,
46,1,62,75,28,6,-2,95,-63,-18,17,-18,-13,104,-90,-170,-92,-156,2,
46,1,62,75,28,6,-2,99,-66,-13,19,-15,-14,103,-91,-139,-109,-151,2,
46,1,62,75,28,6,-3,99,-65,-14,20,-14,-13,104,-90,-141,-106,-150,2,
46,1,62,75,28,6,-4,97,-65,-17,18,-17,-13,104,-91,-139,-110,-148,2,
46,1,62,75,28,6,-2,99,-66,-12,21,-13,-13,104,-91,-149,-101,-148,2,
46,1,62,75,28,6,-2,99,-67,-13,20,-15,-13,104,-88,-155,-100,-147,2,
46,1,62,75,28,6,-5,98,-67,-14,18,-16,-12,105,-89,-141,-106,-157,2,
46,1,62,75,28,6,2,100,-62,-11,21,-13,-14,104,-91,-145,-103,-151,2,
46,1,62,75,28,6,-1,100,-68,-14,19,-15,-13,104,-91,-171,-92,-156,2,
46,1,62,75,28,6,-3,98,-70,-15,20,-17,-13,104,-89,-154,-100,-146,2,
46,1,62,75,28,6,-2,98,-66,-14,20,-16,-12,105,-89,-156,-101,-146,2,
46,1,62,75,28,6,-4,98,-66,-17,17,-17,-13,104,-90,-163,-93,-157,2,
46,1,62,75,28,6,-1,95,-62,-18,18,-17,-13,105,-89,-167,-93,-159,2,
46,1,62,75,28,6,-4,96,-63,-16,18,-17,-14,104,-91,-144,-102,-150,2,
46,1,62,75,28,6,-3,99,-66,-15,19,-14,-13,104,-91,-174,-90,-157,2,
46,1,62,75,28,6,-2,98,-66,-14,19,-17,-14,104,-90,-152,-102,-150,2,
46,1,62,75,28,6,-9,102,-67,-15,16,-14,-12,105,-90,-165,-96,-149,2,
46,1,62,75,28,6,-2,96,-63,-17,18,-16,-12,105,-89,-170,-91,-155,2,
46,1,62,75,28,6,-4,98,-68,-15,19,-17,-13,104,-91,-154,-101,-147,2,
46,1,62,75,28,6,-2,97,-68,-17,18,-16,-12,105,-89,-168,-91,-155,2,
46,1,62,75,28,6,0,102,-67,-10,21,-13,-13,104,-91,-156,-101,-147,2,
46,1,62,75,28,6,-10,98,-70,-17,17,-16,-10,105,-87,-173,-91,-150,2,
46,1,62,75,28,6,-2,97,-64,-17,19,-16,-12,105,-90,-172,-91,-156,2,
46,1,62,75,28,6,-4,99,-68,-17,17,-16,-12,105,-89,-175,-92,-155,2,
46,1,62,75,28,6,-2,99,-65,-12,20,-13,-14,104,-91,-140,-108,-152,2,
46,1,62,75,28,6,-4,99,-68,-16,19,-17,-13,104,-90,-158,-99,-147,2,
46,1,62,75,28,6,-4,98,-68,-14,19,-18,-14,104,-90,-157,-99,-147,2,
46,1,62,75,28,6,1,100,-63,-13,21,-15,-14,104,-91,-167,-92,-159,2,
46,1,62,75,28,6,-4,97,-66,-15,19,-17,-13,104,-90,-151,-102,-146,2,
46,1,62,75,28,6,3,100,-61,-13,20,-12,-14,104,-92,-166,-95,-152,2,
46,1,62,75,28,6,-2,96,-64,-16,19,-17,-13,104,-89,-162,-93,-161,2,
46,1,62,75,28,6,1,100,-62,-12,19,-13,-14,104,-91,-167,-92,-157,2,
46,1,62,75,28,6,-4,98,-68,-16,18,-17,-13,104,-90,-146,-103,-148,2,
46,1,62,75,28,6,-12,98,-70,-21,14,-18,-12,105,-89,-169,-95,-148,2,
46,1,62,75,28,6,-2,97,-60,-21,17,-19,-14,104,-90,-152,-100,-158,2,
46,1,62,75,28,6,0,97,-61,-15,20,-13,-14,104,-91,-165,-95,-154,2,
46,1,62,75,28,6,-2,100,-65,-11,21,-12,-14,104,-92,-139,-110,-147,2,
46,1,62,75,28,6,-2,97,-64,-17,19,-16,-12,105,-89,-171,-91,-157,2,
46,1,62,75,28,6,-2,98,-67,-15,18,-18,-14,104,-91,-151,-101,-150,2,
46,1,62,75,28,6,-5,100,-66,-18,17,-16,-12,105,-89,-164,-92,-158,2,
46,1,62,75,28,6,-1,96,-64,-16,18,-18,-14,104,-91,-161,-93,-163,2,
46,1,62,75,28,6,2,100,-64,-13,20,-13,-13,104,-91,-172,-91,-157,2,
46,1,62,75,28,6,-1,98,-63,-14,19,-16,-14,104,-91,-166,-91,-158,2,
46,1,62,75,28,6,-2,93,-59,-18,19,-16,5,105,-94,-167,-92,-158,2,
46,1,62,75,28,6,-6,101,-70,-15,18,-13,-13,104,-90,-181,-92,-151,2,
46,1,62,75,28,6,-2,98,-63,-13,21,-13,-13,104,-91,-143,-105,-150,2,
46,1,62,75,28,6,-4,99,-62,-16,18,-15,-14,104,-91,-174,-94,-148,2,
46,1,62,75,28,6,-3,106,-99,7,90,-120,23,108,-98,-180,-89,-160,1,
46,1,62,75,28,6,-4,101,-65,-13,20,-12,-14,104,-91,-171,-99,-146,2,
46,1,62,75,28,6,0,98,-62,-12,21,-14,-14,104,-91,-163,-93,-160,2,
46,1,62,75,28,6,-4,98,-67,-14,19,-15,-12,104,-89,-138,-108,-148,2,
46,1,62,75,28,6,-3,97,-67,-15,18,-17,-14,104,-90,-144,-105,-150,2,
46,1,62,75,28,6,3,99,-61,-11,22,-12,-14,104,-92,-162,-92,-163,2,
46,1,62,75,28,6,-2,101,-68,-10,22,-13,-13,104,-91,-154,-100,-147,2,
46,1,62,75,28,6,-3,93,-55,-15,19,-15,-12,105,-89,-165,-92,-157,2,
46,1,62,75,28,6,2,95,-62,-16,19,-17,-13,105,-90,-164,-90,-162,2,
46,1,62,75,28,6,2,99,-61,-14,20,-13,-14,104,-92,-169,-92,-157,2,
46,1,62,75,28,6,-1,97,-62,-16,18,-17,-14,104,-91,-163,-92,-161,2,
46,1,62,75,28,6,-2,97,-65,-15,20,-16,-13,105,-89,-154,-101,-147,2,
46,1,62,75,28,6,-3,96,-64,-16,18,-17,-13,104,-90,-137,-113,-144,2,
46,1,62,75,28,6,-1,99,-63,-14,18,-14,-14,103,-91,-174,-92,-154,2,
46,1,62,75,28,6,-3,97,-66,-16,19,-17,-14,104,-91,-144,-106,-149,2,
46,1,62,75,28,6,-1,98,-65,-16,18,-16,-12,105,-89,-165,-95,-154,2,
46,1,62,75,28,6,-5,99,-68,-17,17,-17,-14,103,-90,-166,-93,-160,2,
46,1,62,75,28,6,-1,99,-62,-12,19,-13,-14,103,-92,-145,-102,-154,2,
46,1,62,75,28,6,-1,99,-65,-13,19,-15,-13,104,-91,-142,-112,-148,2,
46,1,62,75,28,6,-3,96,-62,-14,20,-16,-12,105,-88,-154,-108,-138,2,
46,1,62,75,28,6,-4,101,-66,-14,18,-14,-14,103,-90,-172,-94,-155,2,
46,1,62,75,28,6,0,97,-65,-17,19,-17,-14,104,-92,-172,-91,-158,2,
46,1,62,75,28,6,-5,96,-66,-18,16,-17,-12,105,-88,-163,-93,-156,2,
46,1,62,75,28,6,-2,99,-66,-13,21,-14,-13,104,-90,-148,-104,-150,2,
46,1,62,75,28,6,-4,97,-66,-16,18,-17,-14,104,-90,-155,-101,-145,2,
46,1,62,75,28,6,-5,97,-68,-17,17,-17,-13,104,-90,-165,-94,-156,2,
46,1,62,75,28,6,-2,96,-64,-15,18,-17,-14,104,-90,-146,-105,-151,2,
46,1,62,75,28,6,2,102,-68,-12,21,-13,-14,104,-91,-151,-100,-151,2,
46,1,62,75,28,6,-2,95,-59,-15,17,-21,-14,105,-90,-166,-93,-158,2,
46,1,62,75,28,6,-1,101,-66,-11,21,-13,-14,104,-91,-156,-101,-147,2,
46,1,62,75,28,6,5,102,-68,-11,20,-13,-14,104,-91,-168,-95,-158,2,
46,1,62,75,28,6,0,100,-61,-11,21,-13,-14,104,-91,-151,-101,-149,2,
46,1,62,75,28,6,-1,99,-68,-15,18,-17,-14,104,-91,-153,-101,-153,2,
46,1,62,75,28,6,-4,97,-65,-16,18,-17,-14,104,-91,-158,-100,-144,2,
46,1,62,75,28,6,-4,97,-66,-15,19,-16,-13,104,-89,-160,-98,-145,2,
46,1,62,75,28,6,1,101,-65,-10,22,-12,-14,104,-91,-148,-103,-151,2,
46,1,62,75,28,6,1,98,-61,-13,19,-13,-13,104,-91,-170,-93,-159,2,
46,1,62,75,28,6,-1,94,-63,-17,18,-17,-13,104,-89,-170,-92,-156,2,
46,1,62,75,28,6,-2,100,-65,-12,20,-15,-14,104,-91,-155,-100,-146,2,
46,1,62,75,28,6,-2,98,-64,-13,20,-15,-13,105,-90,-159,-99,-147,2,
46,1,62,75,28,6,-2,98,-64,-18,17,-17,-14,104,-91,-162,-94,-153,2,
46,1,62,75,28,6,-2,98,-65,-14,19,-17,-14,104,-91,-158,-98,-147,2,
46,1,62,75,28,6,-2,97,-66,-15,19,-17,-14,104,-91,-144,-105,-151,2,
46,1,62,75,28,6,-6,96,-64,-20,17,-17,-12,105,-89,-158,-97,-153,2,
46,1,62,75,28,6,-6,103,-102,6,84,-123,22,108,-99,-179,-88,-160,1,
46,1,62,75,28,6,-1,96,-65,-16,18,-18,-14,104,-92,-170,-92,-157,2,
46,1,62,75,28,6,-5,95,-62,-20,17,-17,-13,105,-89,-159,-96,-152,2,
46,1,62,75,28,6,-2,99,-68,-14,19,-15,-13,104,-90,-157,-101,-145,2,
46,1,62,75,28,6,2,99,-63,-15,19,-15,-14,103,-91,-167,-94,-153,2,
46,1,62,75,28,6,-2,99,-64,-11,21,-13,-13,104,-91,-152,-101,-146,2,
46,1,62,75,28,6,-1,98,-65,-15,19,-17,-14,104,-91,-152,-100,-148,2,
46,1,62,75,28,6,-2,95,-62,-18,17,-17,-14,104,-91,-167,-96,-154,2,
46,1,62,75,28,6,0,98,-67,-15,18,-17,-13,104,-89,-151,-100,-150,2,
46,1,62,75,28,6,-3,97,-67,-15,19,-18,-12,104,-89,-152,-101,-148,2,
