,AF_ESP,AF_EXAC,AF_TGP,CADD_PHRED,CADD_RAW,CDS_position,CLASS,Protein_position,Unnamed: 0,cDNA_position,cDNA_position.1
0,0.0,0.00012,0.0012,9.558,0.8152229999999999,39941.0,0.0,13314.0,0.0,40166.0,40166.0
1,0.0019,0.00883,0.013000000000000001,23.7,4.102501,65092.0,0.0,21698.0,1.0,65317.0,65317.0
12,0.0,0.0,0.0,17.86,2.253073,24520.0,0.0,8174.0,12.0,24745.0,24745.0
106,0.0,0.0,0.0,0.201,-0.5159,12612.0,0.0,4204.0,106.0,12999.0,12999.0
110,0.0,0.0,0.0,28.2,6.0861410000000005,8782.0,0.0,2928.0,110.0,9009.0,9009.0
114,0.0214,0.03286,0.028999999999999998,23.3,3.728238,9078.0,0.0,3026.0,114.0,9308.0,9308.0
121,0.0015,0.00034,0.0012,10.93,1.048632,15906.0,0.0,5302.0,121.0,16131.0,16131.0
140,0.0002,0.0,0.0,25.0,4.934114,8866.0,0.0,2956.0,140.0,9093.0,9093.0
157,0.0106,0.01295,0.0036,23.5,3.918196,104576.0,0.0,34859.0,157.0,104801.0,104801.0
158,0.0,0.0,0.0,81.0,34.23672,107800.0,0.0,35934.0,158.0,108025.0,108025.0
178,0.0017,0.00095,0.0026,24.0,4.297134,57683.0,0.0,19228.0,178.0,57908.0,57908.0
189,0.0,3e-05,0.0,22.3,3.017977,70181.0,0.0,23394.0,189.0,70406.0,70406.0
197,0.0003,0.00018,0.0002,23.7,4.084504,98605.0,0.0,32869.0,197.0,98830.0,98830.0
211,0.0,3e-05,0.0,10.27,0.931941,47887.0,0.0,15963.0,211.0,48112.0,48112.0
241,0.0,0.00013000000000000002,0.0,25.7,5.295276,14270.0,0.0,4757.0,241.0,14400.0,14400.0
257,0.0001,4e-05,0.0,13.22,1.48238,56871.0,0.0,18957.0,257.0,57096.0,57096.0
259,0.0,0.0,0.0,8.294,0.620085,98118.0,0.0,32706.0,259.0,98343.0,98343.0
260,0.0,5e-05,0.0,14.85,1.776081,52693.0,0.0,17565.0,260.0,52918.0,52918.0
262,0.0,1e-05,0.0,13.37,1.509908,15489.0,0.0,5163.0,262.0,15968.0,15968.0
263,0.0322,0.02887,0.0178,4.474,0.18061,12345.0,0.0,4115.0,263.0,12582.0,12582.0
290,0.0,0.0,0.0,11.29,1.114395,10238.0,0.0,3413.0,290.0,10465.0,10465.0
295,0.0,1e-05,0.0,15.25,1.844492,40701.0,1.0,13567.0,295.0,40926.0,40926.0
301,0.0001,0.00044,0.0004,14.74,1.7575419999999995,10578.0,0.0,3526.0,301.0,10708.0,10708.0
323,0.0002,0.00015,0.0,16.18,1.995309,83618.0,0.0,27873.0,323.0,83843.0,83843.0
330,0.0343,0.07227,0.0761,0.047,-0.780854,13594.0,0.0,4532.0,330.0,13819.0,13819.0
348,0.0001,0.0001,0.0,25.8,5.310894,12104.0,0.0,4035.0,348.0,12416.0,12416.0
352,0.0006,0.00014,0.0008,6.33,0.367986,10381.0,0.0,3461.0,352.0,10693.0,10693.0
353,0.0,0.00589,0.0116,31.0,6.531411,19286.0,0.0,6429.0,353.0,19489.0,19489.0
367,0.0,0.0,0.0,35.0,7.8200910000000015,20677.0,0.0,6893.0,367.0,20907.0,20907.0
377,0.0017,0.0007099999999999999,0.001,15.07,1.813526,81539.0,0.0,27180.0,377.0,81764.0,81764.0
399,0.0094,0.01142,0.0036,9.475,0.801852,13263.0,0.0,4421.0,399.0,13294.0,13294.0
403,0.0,5e-05,0.0,14.01,1.629407,13383.0,0.0,4461.0,403.0,13695.0,13695.0
414,0.0158,0.026160000000000003,0.0224,10.65,0.997759,77279.0,0.0,25760.0,414.0,77504.0,77504.0
428,0.0007,0.00072,0.001,34.0,7.548364999999999,10472.0,0.0,3491.0,428.0,10503.0,10503.0
429,0.0,0.0,0.0,62.0,23.006399,54638.0,0.0,18213.0,429.0,54863.0,54863.0
435,0.0001,8e-05,0.0,23.9,4.250853,66590.0,0.0,22197.0,435.0,66815.0,66815.0
473,0.0311,0.01456,0.0387,23.7,4.0913330000000006,30952.0,0.0,10318.0,473.0,31177.0,31177.0
515,0.0009,0.00021,0.001,16.81,2.092892,25087.0,1.0,8363.0,515.0,25312.0,25312.0
534,0.0,0.0,0.0,15.25,1.844392,46160.0,0.0,15387.0,534.0,46385.0,46385.0
538,0.0,0.0,0.0,12.03,1.254008,72232.0,0.0,24078.0,538.0,72457.0,72457.0
539,0.0055,0.00184,0.0052,10.77,1.018292,9882.0,0.0,3294.0,539.0,10012.0,10012.0
570,0.0004,0.00039,0.0002,13.57,1.548635,15857.0,1.0,5286.0,570.0,16087.0,16087.0
589,0.0,0.0,0.0,56.0,16.707674,41473.0,1.0,13825.0,589.0,41698.0,41698.0
596,0.0001,0.00058,0.0,23.7,4.062507,33856.0,0.0,11286.0,596.0,34081.0,34081.0
604,0.0,0.0,0.0,23.7,4.109302,8895.0,0.0,2965.0,604.0,9280.0,9280.0
623,0.0014,0.00058,0.0026,21.8,2.879688,85691.0,0.0,28564.0,623.0,85916.0,85916.0
632,0.0003,6e-05,0.0,23.0,3.4092300000000004,44978.0,1.0,14993.0,632.0,45203.0,45203.0
634,0.0,1e-05,0.0,19.4,2.489893,39883.0,0.0,13295.0,634.0,40108.0,40108.0
639,0.0,6e-05,0.0,23.1,3.514181,93130.0,0.0,31044.0,639.0,93355.0,93355.0
657,0.0,8e-05,0.0,19.56,2.514144,104000.0,0.0,34667.0,657.0,104225.0,104225.0
662,0.0001,0.0001,0.0,25.9,5.364719,97673.0,0.0,32558.0,662.0,97898.0,97898.0
665,0.0,0.00013000000000000002,0.001,18.2,2.304519,46580.0,0.0,15527.0,665.0,46805.0,46805.0
670,0.0001,0.00013000000000000002,0.0002,10.46,0.965003,22386.0,0.0,7462.0,670.0,22611.0,22611.0
673,0.0,6e-05,0.0,23.9,4.245415,60197.0,0.0,20066.0,673.0,60422.0,60422.0
676,0.0044,0.00119,0.004,9.028,0.730909,12233.0,0.0,4078.0,676.0,12458.0,12458.0
685,0.0001,1e-05,0.0002,23.5,3.921217,12916.0,0.0,4306.0,685.0,13228.0,13228.0
695,0.0,1e-05,0.0,26.8,5.689582,97319.0,0.0,32440.0,695.0,97544.0,97544.0
708,0.0,1e-05,0.0,24.9,4.90475,22955.0,0.0,7652.0,708.0,23158.0,23158.0
740,0.0,0.0,0.0,60.0,18.779604,64688.0,0.0,21563.0,740.0,64913.0,64913.0
745,0.0342,0.02398,0.0389,4.606,0.193045,14029.0,0.0,4677.0,745.0,14125.0,14125.0
758,0.0002,4e-05,0.0,23.8,4.186408,95566.0,0.0,31856.0,758.0,95791.0,95791.0
783,0.003,0.0007700000000000001,0.0034,8.635,0.670832,30231.0,0.0,10077.0,783.0,30456.0,30456.0
805,0.0,0.0,0.0,1.43,-0.14319,24888.0,0.0,8296.0,805.0,25113.0,25113.0
844,0.0204,0.02132,0.009000000000000001,12.69,1.38144,93387.0,0.0,31129.0,844.0,93612.0,93612.0
849,0.0,0.0,0.0,2.303,-0.030467,12024.0,0.0,4008.0,849.0,12249.0,12249.0
859,0.0,0.00027,0.0,18.19,2.303359,57586.0,0.0,19196.0,859.0,57811.0,57811.0
907,0.0,0.0,0.0,22.6,3.1305240000000003,46702.0,0.0,15568.0,907.0,46927.0,46927.0
908,0.0014,0.00079,0.0004,0.055,-0.749556,10980.0,0.0,3660.0,908.0,11210.0,11210.0
938,0.0,0.18182,0.0467,25.4,5.125364,16450.0,0.0,5484.0,938.0,16653.0,16653.0
952,0.0,0.0,0.0,17.19,2.151975,106723.0,0.0,35575.0,952.0,106948.0,106948.0
969,0.0001,8e-05,0.0002,23.2,3.593462,75527.0,0.0,25176.0,969.0,75752.0,75752.0
982,0.0,0.0,0.0,25.2,5.025206,8742.0,0.0,2914.0,982.0,9127.0,9127.0
984,0.0001,3e-05,0.0,12.62,1.367445,94230.0,0.0,31410.0,984.0,94455.0,94455.0
989,0.0,1e-05,0.0,35.0,7.847237,17825.0,0.0,5942.0,989.0,18304.0,18304.0
1018,0.0,0.00022,0.0,13.31,1.499847,66917.0,0.0,22306.0,1018.0,67142.0,67142.0
1105,0.0,7e-05,0.0,13.45,1.525308,91199.0,0.0,30400.0,1105.0,91424.0,91424.0
1126,0.0,0.0,0.0,22.9,3.364863,51961.0,0.0,17321.0,1126.0,52186.0,52186.0
1137,0.0002,0.00025,0.0004,22.5,3.074713,11747.0,1.0,3916.0,1137.0,11891.0,11891.0
1139,0.0,0.00062,0.0016,17.44,2.189295,67809.0,0.0,22603.0,1139.0,68034.0,68034.0
1150,0.0003,0.00015,0.0006,23.6,3.991391,9487.0,0.0,3163.0,1150.0,9712.0,9712.0
1156,0.0,0.0,0.0,0.5870000000000001,-0.323407,9639.0,0.0,3213.0,1156.0,9767.0,9767.0
1168,0.0002,6e-05,0.0,20.9,2.709156,104936.0,0.0,34979.0,1168.0,105161.0,105161.0
1170,0.0,0.0,0.0,2.004,-0.06511,8958.0,0.0,2986.0,1170.0,9185.0,9185.0
1182,0.0901,0.02528,0.0837,3.009,0.04281,12987.0,0.0,4329.0,1182.0,12987.0,12987.0
1221,0.0039,0.00085,0.002,19.77,2.547576,11541.0,0.0,3847.0,1221.0,12020.0,12020.0
1223,0.0,0.0,0.0,24.8,4.81334,9277.0,0.0,3093.0,1223.0,9407.0,9407.0
1237,0.0006,0.00064,0.0004,10.21,0.923067,16599.0,0.0,5533.0,1237.0,16599.0,16599.0
1245,0.0007,0.00013000000000000002,0.0,17.84,2.250895,19547.0,0.0,6516.0,1245.0,19772.0,19772.0
1253,0.0,0.0,0.0,0.011,-1.075144,13829.0,0.0,4610.0,1253.0,14054.0,14054.0
1256,0.0,0.0,0.0,17.65,2.220912,11277.0,0.0,3759.0,1256.0,11514.0,11514.0
1326,0.0001,0.00022,0.0,6.34,0.369058,96252.0,1.0,32084.0,1326.0,96477.0,96477.0
1348,0.0,0.0,0.0,2.136,-0.049407,13476.0,0.0,4492.0,1348.0,13679.0,13679.0
1351,0.0,2e-05,0.0,23.0,3.464203,84964.0,0.0,28322.0,1351.0,85189.0,85189.0
1370,0.001,0.00097,0.0002,0.942,-0.231397,75738.0,0.0,25246.0,1370.0,75963.0,75963.0
1411,0.0005,0.00017,0.0,28.7,6.211880000000002,13570.0,0.0,4524.0,1411.0,13800.0,13800.0
1423,0.0003,0.00027,0.0002,23.7,4.085181,12349.0,0.0,4117.0,1423.0,12445.0,12445.0
1432,0.0,0.0,0.0,24.8,4.846447,10151.0,0.0,3384.0,1432.0,10378.0,10378.0
1434,0.0001,3e-05,0.0,16.65,2.067726,50774.0,0.0,16925.0,1434.0,50999.0,50999.0
1452,0.0045,0.00124,0.0018,9.947,0.879876,101697.0,0.0,33899.0,1452.0,101922.0,101922.0
1466,0.0003,0.00027,0.0002,11.71,1.192354,70491.0,1.0,23497.0,1466.0,70716.0,70716.0
1475,0.0001,0.00012,0.0,14.34,1.688481,32026.0,0.0,10676.0,1475.0,32251.0,32251.0
1479,0.0001,0.00012,0.0,12.81,1.4042059999999998,20772.0,0.0,6924.0,1479.0,20997.0,20997.0
1533,0.0019,0.00073,0.0036,3.894,0.12661,23301.0,0.0,7767.0,1533.0,23526.0,23526.0
1578,0.0,0.0,0.0,25.2,5.0271040000000005,15445.0,1.0,5149.0,1578.0,15648.0,15648.0
1594,0.0074,0.00926,0.0062,25.9,5.343431,12146.0,0.0,4049.0,1594.0,12146.0,12146.0
1596,0.0,0.0,0.0,25.8,5.300567,11414.0,0.0,3805.0,1596.0,11525.0,11525.0
1612,0.0008,0.00032,0.0002,24.2,4.4688,12343.0,1.0,4115.0,1612.0,12730.0,12730.0
1621,0.0478,0.07443999999999999,0.0978,23.6,4.023724,71993.0,0.0,23998.0,1621.0,72218.0,72218.0
1632,0.0002,7e-05,0.0002,15.08,1.816284,10687.0,0.0,3563.0,1632.0,10917.0,10917.0
1676,0.0078,0.00502,0.0094,22.4,3.057859,12741.0,0.0,4247.0,1676.0,12871.0,12871.0
1699,0.0,0.0,0.0,0.149,-0.5687760000000001,10545.0,0.0,3515.0,1699.0,10587.0,10587.0
1789,0.0001,3e-05,0.0,25.8,5.31396,15792.0,0.0,5264.0,1789.0,16022.0,16022.0
1793,0.0,0.0,0.0,23.0,3.445927,66568.0,0.0,22190.0,1793.0,66793.0,66793.0
1803,0.0,3e-05,0.0,18.71,2.382452,14152.0,0.0,4718.0,1803.0,14377.0,14377.0
1815,0.0003,0.00024,0.0,16.57,2.05546,68864.0,0.0,22955.0,1815.0,69089.0,69089.0
1823,0.0,8e-05,0.0002,26.4,5.56455,97396.0,0.0,32466.0,1823.0,97621.0,97621.0
1850,0.0001,8e-05,0.0,21.2,2.775588,8434.0,0.0,2812.0,1850.0,8659.0,8659.0
1853,0.0,0.0,0.0,0.29,-0.451094,8316.0,0.0,2772.0,1853.0,8696.0,8696.0
1860,0.0,1e-05,0.0,22.1,2.949982,82859.0,0.0,27620.0,1860.0,83084.0,83084.0
1888,0.0003,0.00031,0.0,18.05,2.282782,47767.0,0.0,15923.0,1888.0,47992.0,47992.0
1893,0.0,2e-05,0.0,26.2,5.495275,10561.0,0.0,3521.0,1893.0,10948.0,10948.0
1922,0.0002,7e-05,0.0,23.0,3.4102910000000004,66491.0,0.0,22164.0,1922.0,66716.0,66716.0
1929,0.0004,0.00031,0.0004,15.71,1.920028,16296.0,1.0,5432.0,1929.0,16775.0,16775.0
1943,0.0,0.00026000000000000003,0.0,13.51,1.536563,52144.0,0.0,17382.0,1943.0,52369.0,52369.0
1956,0.0,2e-05,0.0,22.9,3.3425800000000003,95549.0,0.0,31850.0,1956.0,95774.0,95774.0
1960,0.0837,0.02248,0.0795,1.874,-0.08116699999999999,10295.0,0.0,3432.0,1960.0,10347.0,10347.0
1993,0.0006,0.00035,0.0,22.9,3.323392,26528.0,0.0,8843.0,1993.0,26753.0,26753.0
2016,0.0,0.0,0.0,28.6,6.193174,14678.0,0.0,4893.0,2016.0,14808.0,14808.0
2017,0.0,0.0,0.0,23.1,3.4830339999999995,18655.0,0.0,6219.0,2017.0,18880.0,18880.0
2021,0.0002,0.00025,0.0,22.9,3.3039400000000003,70492.0,0.0,23498.0,2021.0,70717.0,70717.0
2023,0.0,3e-05,0.0,23.8,4.137557,98524.0,0.0,32842.0,2023.0,98749.0,98749.0
2040,0.0,1e-05,0.0,20.6,2.667485,85649.0,0.0,28550.0,2040.0,85874.0,85874.0
2041,0.0,2e-05,0.0,38.0,11.808705,13194.0,0.0,4398.0,2041.0,13236.0,13236.0
2050,0.0,3e-05,0.0,22.6,3.132504,95962.0,0.0,31988.0,2050.0,96187.0,96187.0
2090,0.0005,0.00046,0.0,21.1,2.7579740000000004,18550.0,0.0,6184.0,2090.0,18775.0,18775.0
2094,0.0,0.0,0.0,63.0,24.710705,70162.0,0.0,23388.0,2094.0,70387.0,70387.0
2098,0.0001,1e-05,0.0,48.0,14.831394,13130.0,0.0,4377.0,2098.0,13517.0,13517.0
